IN/OUT;CODE;NCSP;TEXT
IN;AD051;;H”rselg†ngsm„tning (IF-m„tning)
IN;AD052;;Foniatrisk diagnostik av r”st- och talst”rningar
IN;DDE00;;Fixation of electromagnetic hearing prosthesis onto ossicles of ear
IN;DFE10ÿ;;Fixation of electromagnetic hearing prosthesis to round windowÿ
IN;DN010;;Sluten fasciotomi
IN;DU045;;Uppf”ljningssamtal efter tv†ngs†tg„rd
IN;FPB12;;Transvasal kryoablation av ektopiskt hj„rtfokus
IN;TEN10;;Injektionsbehandling av velofarynx och nasofarynx inklusive injektionsbehandling i tubarostierna
IN;TGA35;;Perkutant inl„ggande av toraxdr„nage
IN;TND03;;Perkutan fasciotomi
IN;XS925;;Barnmorska
OUT;ABC28;;Inl„ggande av expanderande implantat mellan spinalutskotten
IN;ABC28;;Inl„ggande av expanderande implantat mellan spinalutskotten
OUT;ABD60;;Implantation av spinal nervelektrod PNE 1
IN;ABD60;;Implantation av spinal nervelektrod PNE 1
OUT;ABD65;;Implantation av spinal nervstimuleringsutrustning PNE 2
IN;ABD65;;Implantation av spinal nervstimuleringsutrustning PNE 2
OUT;AU006;;Standardiserad intervju f”r psykiatrisk syndromdiagnostik
IN;AU006;;Standardiserad intervju f”r psykiatrisk syndromdiagnostik
OUT;AU116;;™vervakad l„kemedelstillf”rsel
IN;AU116;;™vervakning av l„kemedelsintag
OUT;CKD05;;Injektion av l„kemedel i glaskropp
IN;CKD05;;Injektion av l„kemedel i glaskropp
OUT;DT002;;Injektion av diagnostisk eller terapeutisk substans i entes, ligament, senskida och dylikt, ospecificerad region
IN;DT002;;Injektion av diagnostisk eller terapeutisk substans i entes, ligament, senskida, bindv„v och dylikt, ospecificerad region
OUT;DU023;;Psykopedagogisk behandling
IN;DU023;;Psykopedagogisk behandling
OUT;DU027;;Samspelsbehandling f”r„lder och sp„dbarn
IN;DU027;;Samspelsbehandling f”r„lder och barn
OUT;EMB15;;Intrakapsul„r destruktion av tonsill
IN;EMB15;;Intrakapsul„r destruktion av tonsillv„vnad
OUT;GB003;;L„kemedelspumpbehandling, information och undervisning
IN;GB003;;L„kemedelspumpbehandling, information och undervisning
OUT;JAA20;;™ppen exploration av ljumskkanal
IN;JAA20;;™ppen exploration av ljumskkanal
OUT;JAA21;;Laparoskopisk exploration av ljumskkanal
IN;JAA21;;Laparoskopisk exploration av ljumskkanal
OUT;JAA23;;™ppen exploration av ljumskkanal med avl„gsnande av n„t eller fixation
IN;JAA23;;™ppen exploration av ljumskkanal med avl„gsnande av n„t eller fixation
OUT;JAA24;;Laparoskopisk exploration av ljumskkanal med avl„gsnande av n„t eller fixation
IN;JAA24;;Laparoskopisk exploration av ljumskkanal med avl„gsnande av n„t eller fixation
OUT;JAB01;;Laparoskopisk operation av ljumskbr†ck med exicision av br†cks„ck
IN;JAB01;;Laparoskopisk operation av ljumskbr†ck med exicision av br†cks„ck
OUT;JAB04;;Endoskopisk extraperitoneal operation av ljumskbr†ck med exicision av br†cks„ck
IN;JAB04;;Endoskopisk extraperitoneal operation av ljumskbr†ck med exicision av br†cks„ck
OUT;JAB10;;™ppen operation av ljumskbr†ck med suturplastik, Shouldice m fl
IN;JAB10;;™ppen operation av ljumskbr†ck med suturplastik, Shouldice m fl
OUT;JAB11;;Laparoskopisk operation av ljumskbr†ck med suturplastik
IN;JAB11;;Laparoskopisk operation av ljumskbr†ck med suturplastik
OUT;JAB14;;Endoskopisk extraperitoneal operation av ljumskbr†ck med suturplasik
IN;JAB14;;Endoskopisk extraperitoneal operation av ljumskbr†ck med suturplasik
OUT;JAB20;;™ppen operation av ljumskbr†ck med implantat framf”r bukv„ggens aponeuros (onlay)
IN;JAB20;;™ppen operation av ljumskbr†ck med implantat framf”r bukv„ggens aponeuros (onlay)
OUT;JAB30;;™ppen operation av ljumskbr†ck med implantat mellan bukv„ggens muskellager (interstitiell) Lichtenstein m fl
IN;JAB30;;™ppen operation av ljumskbr†ck med implantat mellan bukv„ggens muskellager (interstitiell) Lichtenstein m fl
OUT;JAB40;;™ppen operation av ljumskbr†ck med implantat bakom bukv„gsmuskeln framf”r bukhinnan (sublay)
IN;JAB40;;™ppen operation av ljumskbr†ck med implantat bakom bukv„gsmuskeln framf”r bukhinnan (sublay)
OUT;JAB41;;Laparoskopisk operation av ljumskbr†ck med implantat bakom bukv„gsmuskeln framf”r bukhinnan (sublay) TAPP
IN;JAB41;;Laparoskopisk operation av ljumskbr†ck med implantat bakom bukv„gsmuskeln framf”r bukhinnan (sublay) TAPP
OUT;JAB44;;Endoskopisk extraperitoneal operation av ljumskbr†ck med implantat bakom bukv„gsmuskeln framf”r bukhinnan (sublay) TEP
IN;JAB44;;Endoskopisk extraperitoneal operation av ljumskbr†ck med implantat bakom bukv„gsmuskeln framf”r bukhinnan (sublay) TEP
OUT;JAB50;;™ppen operation av ljumskbr†ck med implantat p† bukhinnan intraperitonealt (IPOM)
IN;JAB50;;™ppen operation av ljumskbr†ck med implantat p† bukhinnan intraperitonealt (IPOM)
OUT;JAB51;;Laparoskopisk operation av ljumskbr†ck med implantat p† bukhinnan intraperitonealt (IPOM)
IN;JAB51;;Laparoskopisk operation av ljumskbr†ck med implantat p† bukhinnan intraperitonealt (IPOM)
OUT;JAB60;;™ppen operation av ljumskbr†ck med implantat i br†ckporten (inlay)
IN;JAB60;;™ppen operation av ljumskbr†ck med implantat i br†ckporten (inlay)
OUT;JAB61;;Laparoskopisk operation av ljumskbr†ck med implantat i br†ckporten (inlay)
IN;JAB61;;Laparoskopisk operation av ljumskbr†ck med implantat i br†ckporten (inlay)
OUT;JAB70;;™ppen operation av ljumskbr†ck med implantat i flera lager
IN;JAB70;;™ppen operation av ljumskbr†ck med implantat i flera lager
OUT;JAB71;;Laparoskopisk operation av ljumskbr†ck med implantat i flera lager
IN;JAB71;;Laparoskopisk operation av ljumskbr†ck med implantat i flera lager
OUT;JAB80;;Annan ”ppen operation av ljumskbr†ck
IN;JAB80;;Annan ”ppen operation av ljumskbr†ck
OUT;JAB81;;Annan laparoskopisk operation av ljumskbr†ck
IN;JAB81;;Annan laparoskopisk operation av ljumskbr†ck
OUT;JAB84;;Annan endoskopisk extraperitoneal operation av ljumskbr†ck
IN;JAB84;;Annan endoskopisk extraperitoneal operation av ljumskbr†ck
OUT;JAD43;;™ppen operation av „rrbr†ck med implantat bakom bukv„gsmuskeln framf”r bukhinnan (sublay) och avlastande incision
IN;JAD43;;™ppen operation av „rrbr†ck med implantat bakom bukv„gsmuskeln framf”r bukhinnan (sublay) och avlastande incision
OUT;JAD47;;Laparoskopisk operation av „rrbr†ck med implantat bakom bukv„gsmuskeln framf”r bukhinnan (sublay) och avlastande incision
IN;JAD47;;Laparoskopisk operation av „rrbr†ck med implantat bakom bukv„gsmuskeln framf”r bukhinnan (sublay) och avlastande incision
OUT;JAD50;;™ppen operation av „rrbr†ck med med implantat p† bukhinnan intraperitonealt (IPOM)
IN;JAD50;;™ppen operation av „rrbr†ck med implantat p† bukhinnan intraperitonealt (IPOM)
OUT;JAD51;;Laparoskopisk operation av „rrbr†ck med med implantat p† bukhinnan intraperitonealt (IPOM)
IN;JAD51;;Laparoskopisk operation av „rrbr†ck med implantat p† bukhinnan intraperitonealt (IPOM)
OUT;JAD60;;™ppen operation av „rrbr†ck med implantat i br†ckporten (inlay)
IN;JAD60;;™ppen operation av „rrbr†ck med implantat i br†ckporten (inlay)
OUT;JAD61;;Laparoskopisk operation av „rrbr†ck med implantat i br†ckporten (inlay)
IN;JAD61;;Laparoskopisk operation av „rrbr†ck med implantat i br†ckporten (inlay)
OUT;JAD63;;™ppen operation av „rrbr†ck med implantat i br†ckporten (inlay) och avlastande incision
IN;JAD63;;™ppen operation av „rrbr†ck med implantat i br†ckporten (inlay) och avlastande incision
OUT;JAD67;;Laparoskopisk operation av „rrbr†ck med implantat i br†ckporten (inlay) och avlastande incision
IN;JAD67;;Laparoskopisk operation av „rrbr†ck med implantat i br†ckporten (inlay) och avlastande incision
OUT;JAD70;;™ppen operation av „rrbr†ck med implantat i flera lager
IN;JAD70;;™ppen operation av „rrbr†ck med implantat i flera lager
OUT;JAD71;;Laparoskopisk operation av „rrbr†ck med implantat i flera lager
IN;JAD71;;™ppen operation av „rrbr†ck med implantat i flera lager och avlastande incision
OUT;JAD73;;™ppen operation av „rrbr†ck med implantat i flera lager och avlastande incision
IN;JAD73;;™ppen operation av „rrbr†ck med implantat i flera lager och avlastande incision
OUT;JAD80;;Annan ”ppen operation av „rrbr†ck
IN;JAD80;;Annan ”ppen operation av „rrbr†ck
OUT;JAD81;;Annan laparoskopisk operation av „rrbr†ck
IN;JAD81;;Annan laparoskopisk operation av „rrbr†ck
OUT;JAD84;;Annan endoskopisk extraperitoneal operation av „rrbr†ck
IN;JAD84;;Annan endoskopisk extraperitoneal operation av „rrbr†ck
OUT;JAD87;;Annan laparoskopisk operation av „rrbr†ck med avlastande incision
IN;JAD87;;Annan laparoskopisk operation av „rrbr†ck med avlastande incision
OUT;JAE10;;™ppen operation av epigastricabr†ck med suturplastik
IN;JAE10;;™ppen operation av epigastrikabr†ck med suturplastik
OUT;JAE11;;Laparoskopisk operation av epigastricabr†ck med suturplastik
IN;JAE11;;Laparoskopisk operation av epigastrikabr†ck med suturplastik
OUT;JAE20;;™ppen operation av epigastricabr†ck med implantat framf”r bukv„ggens aponeuros (onlay)
IN;JAE20;;™ppen operation av epigastrikabr†ck med implantat framf”r bukv„ggens aponeuros (onlay)
OUT;JXA00;;Intralesionell excision av omfattande tum”r i bukv„gg (utan definierat ursprung i avsnitt JA)
IN;JXA00;;Intralesionell excision av omfattande tum”r i bukv„gg (utan definierat ursprung i avsnitt JA)
OUT;JXA03;;Marginell excision av omfattande tum”r i bukv„gg (utan definierat ursprung i avsnitt JA)
IN;JXA03;;Marginell excision av omfattande tum”r i bukv„gg (utan definierat ursprung i avsnitt JA)
OUT;JXA06;;Utvidgad excision av omfattande tum”r i bukv„gg (utan definierat ursprung i avsnitt JA)
IN;JXA06;;Utvidgad excision av omfattande tum”r i bukv„gg (utan definierat ursprung i avsnitt JA)
OUT;JXA10;;Intralesionell excision av omfattande tum”r i bukh†lan (utan definierat ursprung i kapitel J p† avsnittsniv†)
IN;JXA10;;Intralesionell excision av omfattande tum”r i bukh†lan (utan definierat ursprung i kapitel J p† avsnittsniv†)
OUT;JXA13;;Marginell excision av omfattande tum”r i bukh†lan (utan definierat ursprung i kapitel J p† avsnittsniv†)
IN;JXA13;;Marginell excision av omfattande tum”r i bukh†lan (utan definierat ursprung i kapitel J p† avsnittsniv†)
OUT;JXA16;;Utvidgad excision av omfattande tum”r i bukh†lan (utan definierat ursprung i kapitel J p† avsnittsniv†)
IN;JXA16;;Utvidgad excision av omfattande tum”r i bukh†lan (utan definierat ursprung i kapitel J p† avsnittsniv†)
OUT;LAA20;;Perkutan eller transvaginal injektion av l„kemedel f”r behandling av ovarialgraviditet
IN;LAA20;;Perkutan eller transvaginal injektion av l„kemedel f”r behandling av ovarialgraviditet
OUT;LBC00;;Perkutan injektion av l„kemedel f”r behandling av tubargraviditet
IN;LBC00;;Perkutan injektion av l„kemedel f”r behandling av tubargraviditet
OUT;LBC03;;Transvaginal injektion av l„kemedel f”r behandling av tubargraviditet
IN;LBC03;;Transvaginal injektion av l„kemedel f”r behandling av tubargraviditet
OUT;LBC07;;Laparoskopisk injektion av l„kemedel f”r behandling av tubargraviditet
IN;LBC07;;Laparoskopisk injektion av l„kemedel f”r behandling av tubargraviditet
OUT;LBC08;;Falloposkopisk eller hysteroskopisk injektion av l„kemedel f”r behandling av tubargraviditet
IN;LBC08;;Falloposkopisk eller hysteroskopisk injektion av l„kemedel f”r behandling av tubargraviditet
OUT;NAS49;;Incision och debridering vid septisk spondylartrit med implantation av l„kemedel
IN;NAS49;;Incision och debridering vid septisk spondylartrit med implantation av l„kemedel
OUT;NAS59;;Incision och debridering vid osteit i kotpelare med implantation av l„kemedel
IN;NAS59;;Incision och debridering vid osteit i kotpelare med implantation av l„kemedel
OUT;NBQ39;;Implantation av benf”rankrat transkutant implantat, humerus
IN;NBQ39;;Implantation av benf”rankrat transkutant implantat, humerus
OUT;NBQ49;;Implantation p† amputationsstump, humerus
IN;NBQ49;;Implantation p† amputationsstump, humerus
OUT;NBS39;;Incision och debridering vid mjukdelsinfektion i axel eller ”verarm med implantation av l„kemedel
IN;NBS39;;Incision och debridering vid mjukdelsinfektion i axel eller ”verarm med implantation av l„kemedel
OUT;JAC10;;™ppen operation av femoralbr†ck med suturplastik
IN;JAC10;;™ppen operation av femoralbr†ck med suturplastik
OUT;JAC11;;Laparoskopisk operation av femoralbr†ck med suturplastik
IN;JAC11;;Laparoskopisk operation av femoralbr†ck med suturplastik
OUT;JAC14;;Endoskopisk operation av femoralbr†ck med extraperitoneal suturplasik
IN;JAC14;;Endoskopisk operation av femoralbr†ck med extraperitoneal suturplasik
OUT;JAC20;;™ppen operation av femoralbr†ck med implantat framf”r bukv„ggens aponeuros (onlay)
IN;JAC20;;™ppen operation av femoralbr†ck med implantat framf”r bukv„ggens aponeuros (onlay)
OUT;JAC30;;™ppen operation av femoralbr†ck med implantat mellan bukv„ggens muskellager (interstitiell) Lichtenstein m fl
IN;JAC30;;™ppen operation av femoralbr†ck med implantat mellan bukv„ggens muskellager (interstitiell) Lichtenstein m fl
OUT;JAC40;;™ppen operation av femoralbr†ck med implantat bakom bukv„gsmuskeln framf”r bukhinnan (sublay)
IN;JAC40;;™ppen operation av femoralbr†ck med implantat bakom bukv„gsmuskeln framf”r bukhinnan (sublay)
OUT;JAC41;;Laparoskopisk operation av femoralbr†ck med implantat bakom bukv„gsmuskeln framf”r bukhinnan (sublay) TAPP
IN;JAC41;;Laparoskopisk operation av femoralbr†ck med implantat bakom bukv„gsmuskeln framf”r bukhinnan (sublay) TAPP
OUT;JAC44;;Endoskopisk extraperitoneal operation av femoralbr†ck med implantat bakom bukv„gsmuskeln framf”r bukhinnan (sublay) TEP
IN;JAC44;;Endoskopisk extraperitoneal operation av femoralbr†ck med implantat bakom bukv„gsmuskeln framf”r bukhinnan (sublay) TEP
OUT;JAC50;;™ppen operation av femoralbr†ck med implantat p† bukhinnan intraperitonealt (IPOM)
IN;JAC50;;™ppen operation av femoralbr†ck med implantat p† bukhinnan intraperitonealt (IPOM)
OUT;JAC51;;Laparoskopisk operation av femoralbr†ck med implantat p† bukhinnan intraperitonealt (IPOM)
IN;JAC51;;Laparoskopisk operation av femoralbr†ck med implantat p† bukhinnan intraperitonealt (IPOM)
OUT;JAC60;;™ppen operation av femoralbr†ck med implantat i br†ckporten (inlay)
IN;JAC60;;™ppen operation av femoralbr†ck med implantat i br†ckporten (inlay)
OUT;JAC61;;Laparoskopisk operation av femoralbr†ck med implantat i br†ckporten (inlay)
IN;JAC61;;Laparoskopisk operation av femoralbr†ck med implantat i br†ckporten (inlay)
OUT;JAC70;;™ppen operation av femoralbr†ck med implantat i flera lager
IN;JAC70;;™ppen operation av femoralbr†ck med implantat i flera lager
OUT;JAC71;;Laparoskopisk operation av femoralbr†ck med implantat i flera lager
IN;JAC71;;Laparoskopisk operation av femoralbr†ck med implantat i flera lager
OUT;PDT30;;Injektion av l„kemedel i eller perkutan ocklusion av a iliaca
IN;PDT30;;Injektion av l„kemedel i eller perkutan ocklusion av a iliaca
OUT;PDU87;;Injektion av l„kemedel  i bypass fr†n infrarenala bukaorta eller a iliaca
IN;PDU87;;Injektion av l„kemedel  i bypass fr†n infrarenala bukaorta eller a iliaca
OUT;PET10;;Injektion av l„kemedel i eller perkutan ocklusion av a femoralis communis
IN;PET10;;Injektion av l„kemedel i eller perkutan ocklusion av a femoralis communis
OUT;PET11;;Injektion av l„kemedel i eller perkutan ocklusion av a profunda femoris
IN;PET11;;Injektion av l„kemedel i eller perkutan ocklusion av a profunda femoris
OUT;PET12;;Injektion av l„kemedel i eller perkutan ocklusion av a femoralis superficialis
IN;PET12;;Injektion av l„kemedel i eller perkutan ocklusion av a femoralis superficialis
OUT;PEU87;;Injektion av l„kemedel i bypass fr†n a femoralis eller a poplitea
IN;PEU87;;Injektion av l„kemedel i bypass fr†n a femoralis eller a poplitea
OUT;PFT10;;Injektion av l„kemedel i eller perkutan ocklusion av a poplitea
IN;PFT10;;Injektion av l„kemedel i eller perkutan ocklusion av a poplitea
OUT;PFT30;;Injektion av l„kemedel i eller perkutan ocklusion av a underbensart„r
IN;PFT30;;Injektion av l„kemedel i eller perkutan ocklusion av a underbensart„r
OUT;PFT87;;Injektion av l„kemedel i eller perkutan ocklusion av bypass fr†n a femoralis eller a poplitea
IN;PFT87;;Injektion av l„kemedel i eller perkutan ocklusion av bypass fr†n a femoralis eller a poplitea
OUT;PFU87;;Injektion av l„kemedel i bypass fr†n a femoralis eller a poplitea
IN;PFU87;;Injektion av l„kemedel i bypass fr†n a femoralis eller a poplitea
OUT;PGU87;;Injektion av l„kemedel i bypass p† extra-anatomiskt f”rlopp
IN;PGU87;;Injektion av l„kemedel i bypass p† extra-anatomiskt f”rlopp
OUT;PHB33;;Ligatur av v. mesenterica superior
IN;PHB33;;Ligatur av v. mesenterica superior
OUT;PHB34;;Ligatur av v. mesenterica inferior
IN;PHB34;;Ligatur av v. mesenterica inferior
OUT;PHB36;;Ligatur av v. spermatica
IN;PHB36;;Ligatur av v. spermatica
OUT;PHC32;;Sutur av  v. porta
IN;PHC32;;Sutur av  v. porta
OUT;PHC33;;Sutur av v. mesenterica superior
IN;PHC33;;Sutur av v. mesenterica superior
OUT;PHC34;;Sutur av v. mesenterica inferior
IN;PHC34;;Sutur av v. mesenterica inferior
OUT;PHC36;;Sutur av v. spermatica
IN;PHC36;;Sutur av v. spermatica
OUT;PHD32;;Resektion av v. porta
IN;PHD32;;Resektion av v. porta
OUT;PHD33;;Resektion av v. mesenterica superior
IN;PHD33;;Resektion av v. mesenterica superior
OUT;PHD34;;Resektion av v. mesenterica inferior
IN;PHD34;;Resektion av v. mesenterica inferior
OUT;UJF22;;Intraoperativ enteroskopi
IN;UJF22;;Intraoperativ enteroskopi
OUT;XGX02;;Transesofageal ultraljudsunders”kning
IN;XGX02;;Transesofageal ultraljudsunders”kning
OUT;XPX10;;Angioskopi
IN;XPX10;;Angioskopi
OUT;XPX30;;Endovaskul„rt ultraljud
IN;XPX30;;Endovaskul„rt ultraljud
OUT;XV008;;Utf„rdande av recept, hj„lpmedelskort och livsmedelsanvisning
IN;XV008;;Utf„rdande av recept, hj„lpmedelskort och livsmedelsanvisning
OUT;ZX602;;2 †tg„rder med samma kod, ej samma tillf„lle
IN;ZX602;;2 †tg„rder med samma kod, ej samma tillf„lle
OUT;ZX603;;3 †tg„rder med samma kod, ej samma tillf„lle
IN;ZX603;;3 †tg„rder med samma kod, ej samma tillf„lle
OUT;ZX604;;4 †tg„rder med samma kod, ej samma tillf„lle
IN;ZX604;;4 †tg„rder med samma kod, ej samma tillf„lle
OUT;ZX605;;5 †tg„rder med samma kod, ej samma tillf„lle
IN;ZX605;;5 †tg„rder med samma kod, ej samma tillf„lle
OUT;ZX606;;6 †tg„rder med samma kod, ej samma tillf„lle
IN;ZX606;;6 †tg„rder med samma kod, ej samma tillf„lle
OUT;ZX607;;7 †tg„rder med samma kod, ej samma tillf„lle
IN;ZX607;;7 †tg„rder med samma kod, ej samma tillf„lle
OUT;ZX608;;8 †tg„rder med samma kod, ej samma tillf„lle
IN;ZX608;;8 †tg„rder med samma kod, ej samma tillf„lle
OUT;ZX609;;9 †tg„rder med samma kod, ej samma tillf„lle
IN;ZX609;;9 †tg„rder med samma kod, ej samma tillf„lle
OUT;ZX610;;10 †tg„rder med samma kod, ej samma tillf„lle
IN;ZX610;;10 †tg„rder med samma kod, ej samma tillf„lle
OUT;ZX611;;11 †tg„rder med samma kod, ej samma tillf„lle
IN;ZX611;;11 †tg„rder med samma kod, ej samma tillf„lle
OUT;ZX612;;12 †tg„rder med samma kod, ej samma tillf„lle
IN;ZX612;;12 †tg„rder med samma kod, ej samma tillf„lle
OUT;ZX613;;13 †tg„rder med samma kod, ej samma tillf„lle
IN;ZX613;;13 †tg„rder med samma kod, ej samma tillf„lle
OUT;ZX614;;14 †tg„rder med samma kod, ej samma tillf„lle
IN;ZX614;;14 †tg„rder med samma kod, ej samma tillf„lle
OUT;ZX615;;15 †tg„rder med samma kod, ej samma tillf„lle
IN;ZX615;;15 †tg„rder med samma kod, ej samma tillf„lle
OUT;ZX616;;16 †tg„rder med samma kod, ej samma tillf„lle
IN;ZX616;;16 †tg„rder med samma kod, ej samma tillf„lle
OUT;ZX617;;17 †tg„rder med samma kod, ej samma tillf„lle
IN;ZX617;;17 †tg„rder med samma kod, ej samma tillf„lle
OUT;ZX618;;18 †tg„rder med samma kod, ej samma tillf„lle
IN;ZX618;;18 †tg„rder med samma kod, ej samma tillf„lle
OUT;ZX619;;19 †tg„rder med samma kod, ej samma tillf„lle
IN;ZX619;;19 †tg„rder med samma kod, ej samma tillf„lle
OUT;ZX620;;20 †tg„rder med samma kod, ej samma tillf„lle
IN;ZX620;;20 †tg„rder med samma kod, ej samma tillf„lle
OUT;ZX621;;21 †tg„rder med samma kod, ej samma tillf„lle
IN;ZX621;;21 †tg„rder med samma kod, ej samma tillf„lle
OUT;ZX622;;22 †tg„rder med samma kod, ej samma tillf„lle
IN;ZX622;;22 †tg„rder med samma kod, ej samma tillf„lle
OUT;ZX623;;23 †tg„rder med samma kod, ej samma tillf„lle
IN;ZX623;;23 †tg„rder med samma kod, ej samma tillf„lle
OUT;ZX624;;24 †tg„rder med samma kod, ej samma tillf„lle
IN;ZX624;;24 †tg„rder med samma kod, ej samma tillf„lle
OUT;ZX625;;25 †tg„rder med samma kod, ej samma tillf„lle
IN;ZX625;;25 †tg„rder med samma kod, ej samma tillf„lle
OUT;ZX626;;26 †tg„rder med samma kod, ej samma tillf„lle
IN;ZX626;;26 †tg„rder med samma kod, ej samma tillf„lle
OUT;ZX627;;27 †tg„rder med samma kod, ej samma tillf„lle
IN;ZX627;;27 †tg„rder med samma kod, ej samma tillf„lle
OUT;ZX628;;28 †tg„rder med samma kod, ej samma tillf„lle
IN;ZX628;;28 †tg„rder med samma kod, ej samma tillf„lle
OUT;ZX629;;29 †tg„rder med samma kod, ej samma tillf„lle
IN;ZX629;;29 †tg„rder med samma kod, ej samma tillf„lle
OUT;ZX630;;30 †tg„rder med samma kod, ej samma tillf„lle
IN;ZX630;;30 †tg„rder med samma kod, ej samma tillf„lle
OUT;ZXC11;;Anv„ndning av intensivt pulsat ljus, IPL
IN;ZXC11;;Anv„ndande av intensivt pulsat ljus, IPL
OUT;ZXC55;;Dermabrasio (hudslipning)
IN;ZXC55;;Dermabrasio 
OUT;ZXC65;;Skrapning
IN;ZXC65;;Skrapning
OUT;ZXM00;;Anv„ndande av ultrasonografisk bildteknik under operation
IN;ZXM00;;Anv„ndande av ultrasonografisk bildteknik under operation
OUT;JAC80;;Annan ”ppen operation av femoralbr†ck
IN;JAC80;;Annan ”ppen operation av femoralbr†ck
OUT;JAC81;;Annan laparoskopisk operation av femoralbr†ck
IN;JAC81;;Annan laparoskopisk operation av femoralbr†ck
OUT;JAC84;;Annan endoskopisk extraperitoneal operation av femoralbr†ck
IN;JAC84;;Annan endoskopisk extraperitoneal operation av femoralbr†ck
OUT;JAD10;;™ppen operation av „rrbr†ck med suturplastik
IN;JAD10;;™ppen operation av „rrbr†ck med suturplastik
OUT;JAD11;;Laparoskopisk operation av „rrbr†ck med suturplastik
IN;JAD11;;Laparoskopisk operation av „rrbr†ck med suturplastik
OUT;JAD13;;™ppen operation av „rrbr†ck med suturplastik och avlastande incision
IN;JAD13;;™ppen operation av „rrbr†ck med suturplastik och avlastande incision
OUT;JAD20;;™ppen operation av „rrbr†ck med implantat framf”r bukv„ggens aponeuros (onlay)
IN;JAD20;;™ppen operation av „rrbr†ck med implantat framf”r bukv„ggens aponeuros (onlay)
OUT;JAD23;;™ppen operation av „rrbr†ck med implantat framf”r bukv„ggens aponeuros (onlay) och avlastande incision
IN;JAD23;;™ppen operation av „rrbr†ck med implantat framf”r bukv„ggens aponeuros (onlay) och avlastande incision
OUT;JAD30;;™ppen operation av „rrbr†ck med med implantat mellan bukv„ggens muskellager (interstitiell)
IN;JAD30;;™ppen operation av „rrbr†ck med implantat mellan bukv„ggens muskellager (interstitiell)
OUT;JAD33;;™ppen operation av „rrbr†ck med med implantat mellan bukv„ggens muskellager (interstitiell) och avlastande incision
IN;JAD33;;™ppen operation av „rrbr†ck med implantat mellan bukv„ggens muskellager (interstitiell) och avlastande incision
OUT;JAD40;;™ppen operation av „rrbr†ck med implantat bakom bukv„gsmuskeln framf”r bukhinnan (sublay)
IN;JAD40;;™ppen operation av „rrbr†ck med implantat bakom bukv„gsmuskeln framf”r bukhinnan (sublay)
OUT;JAD41;;Laparoskopisk operation av „rrbr†ck med implantat bakom bukv„gsmuskeln framf”r bukhinnan (sublay)
IN;JAD41;;Laparoskopisk operation av „rrbr†ck med implantat bakom bukv„gsmuskeln framf”r bukhinnan (sublay)
OUT;JAE30;;™ppen operation av epigastricabr†ck med med implantat mellan bukv„ggens muskellager (interstitiell)
IN;JAE30;;™ppen operation av epigastrikabr†ck med implantat mellan bukv„ggens muskellager (interstitiell)
OUT;JAE40;;™ppen operation av epigastricabr†ck med implantat bakom bukv„gsmuskeln framf”r bukhinnan (sublay)
IN;JAE40;;™ppen operation av epigastrikabr†ck med implantat bakom bukv„gsmuskeln framf”r bukhinnan (sublay)
OUT;JAE41;;Laparoskopisk operation av epigastricabr†ck med implantat bakom bukv„gsmuskeln framf”r bukhinnan (sublay)
IN;JAE41;;Laparoskopisk operation av epigastrikabr†ck med implantat bakom bukv„gsmuskeln framf”r bukhinnan (sublay)
OUT;JAE50;;™ppen operation av epigastricabr†ck med med implantat p† bukhinnan intraperitonealt (IPOM)
IN;JAE50;;™ppen operation av epigastrikabr†ck med implantat p† bukhinnan intraperitonealt (IPOM)
OUT;JAE51;;Laparoskopisk operation av epigastricabr†ck med med implantat p† bukhinnan intraperitonealt (IPOM)
IN;JAE51;;Laparoskopisk operation av epigastrikabr†ck med implantat p† bukhinnan intraperitonealt (IPOM)
OUT;JAE60;;™ppen operation av epigastricabr†ck med implantat i br†ckporten (inlay)
IN;JAE60;;™ppen operation av epigastrikabr†ck med implantat i br†ckporten (inlay)
OUT;JAE61;;Laparoskopisk operation av epigastricabr†ck med implantat i br†ckporten (inlay)
IN;JAE61;;Laparoskopisk operation av epigastrikabr†ck med implantat i br†ckporten (inlay)
OUT;JAE70;;™ppen operation av epigastricabr†ck med implantat i flera lager
IN;JAE70;;™ppen operation av epigastrikabr†ck med implantat i flera lager
OUT;JAE71;;Laparoskopisk operation av epigastricabr†ck med implantat i flera lager
IN;JAE71;;Laparoskopisk operation av epigastrikabr†ck med implantat i flera lager
OUT;JAE80;;Annan ”ppen operation av epigastricabr†ck
IN;JAE80;;Annan ”ppen operation av epigastrikabr†ck
OUT;JAE81;;Annan laparoskopisk operation av epigastricabr†ck
IN;JAE81;;Annan laparoskopisk operation av epigastrikabr†ck
OUT;JAE84;;Annan endoskopisk extraperitoneal operation av epigastricabr†ck
IN;JAE84;;Annan endoskopisk extraperitoneal operation av epigastrikabr†ck
OUT;JAF10;;™ppen operation av navelbr†ck med suturplastik
IN;JAF10;;™ppen operation av navelbr†ck med suturplastik
OUT;JAF11;;Laparoskopisk operation av navelbr†ck med suturplastik
IN;JAF11;;Laparoskopisk operation av navelbr†ck med suturplastik
OUT;JAF20;;™ppen operation av navelbr†ck med implantat framf”r bukv„ggens aponeuros (onlay)
IN;JAF20;;™ppen operation av navelbr†ck med implantat framf”r bukv„ggens aponeuros (onlay)
OUT;JAF30;;™ppen operation av navelbr†ck med med implantat mellan bukv„ggens muskellager (interstitiell)
IN;JAF30;;™ppen operation av navelbr†ck med implantat mellan bukv„ggens muskellager (interstitiell)
OUT;JAF40;;™ppen operation av navelbr†ck med implantat bakom bukv„gsmuskeln framf”r bukhinnan (sublay)
IN;JAF40;;™ppen operation av navelbr†ck med implantat bakom bukv„gsmuskeln framf”r bukhinnan (sublay)
OUT;JAF41;;Laparoskopisk operation av navelbr†ck med implantat bakom bukv„gsmuskeln framf”r bukhinnan (sublay)
IN;JAF41;;Laparoskopisk operation av navelbr†ck med implantat bakom bukv„gsmuskeln framf”r bukhinnan (sublay)
OUT;JAF50;;™ppen operation av navelbr†ck med med implantat p† bukhinnan intraperitonealt (IPOM)
IN;JAF50;;™ppen operation av navelbr†ck med implantat p† bukhinnan intraperitonealt (IPOM)
OUT;JAF51;;Laparoskopisk operation av navelbr†ck med med implantat p† bukhinnan intraperitonealt (IPOM)
IN;JAF51;;Laparoskopisk operation av navelbr†ck med implantat p† bukhinnan intraperitonealt (IPOM)
OUT;JAF60;;™ppen operation av navelbr†ck med implantat i br†ckporten (inlay)
IN;JAF60;;™ppen operation av navelbr†ck med implantat i br†ckporten (inlay)
OUT;JAF61;;Laparoskopisk operation av navelbr†ck med implantat i br†ckporten (inlay)
IN;JAF61;;Laparoskopisk operation av navelbr†ck med implantat i br†ckporten (inlay)
OUT;JAF70;;™ppen operation av navelbr†ck med implantat i flera lager
IN;JAF70;;™ppen operation av navelbr†ck med implantat i flera lager
OUT;JAF71;;Laparoskopisk operation av epigastricabr†ck med implantat i flera lager
IN;JAF71;;Laparoskopisk operation av epigastrikabr†ck med implantat i flera lager
OUT;JAF80;;Annan ”ppen operation av navelbr†ck
IN;JAF80;;Annan ”ppen operation av navelbr†ck
OUT;JAF81;;Annan laparoskopisk operation av navelbr†ck
IN;JAF81;;Annan laparoskopisk operation av navelbr†ck
OUT;JAF84;;Annan endoskopisk extraperitoneal operation av navelbr†ck
IN;JAF84;;Annan endoskopisk extraperitoneal operation av navelbr†ck
OUT;JAG10;;™ppen operation av andra bukv„ggsbr†ck och defekter med suturplastik
IN;JAG10;;™ppen operation av andra bukv„ggsbr†ck och defekter med suturplastik
OUT;JAG11;;Laparoskopisk operation av andra bukv„ggsbr†ck och defekter med suturplastik
IN;JAG11;;Laparoskopisk operation av andra bukv„ggsbr†ck och defekter med suturplastik
OUT;JAG20;;™ppen operation av andra bukv„ggsbr†ck och defekter med implantat framf”r bukv„ggens aponeuros (onlay)
IN;JAG20;;™ppen operation av andra bukv„ggsbr†ck och defekter med implantat framf”r bukv„ggens aponeuros (onlay)
OUT;JAG30;;™ppen operation av andra bukv„ggsbr†ck och defekter med med implantat mellan bukv„ggens muskellager (interstitiell)
IN;JAG30;;™ppen operation av andra bukv„ggsbr†ck och defekter med implantat mellan bukv„ggens muskellager (interstitiell)
OUT;JAG40;;™ppen operation av andra bukv„ggsbr†ck och defekter med implantat bakom bukv„gsmuskeln framf”r bukhinnan (sublay)
IN;JAG40;;™ppen operation av andra bukv„ggsbr†ck och defekter med implantat bakom bukv„gsmuskeln framf”r bukhinnan (sublay)
OUT;JAG41;;Laparoskopisk operationav andra bukv„ggsbr†ck och defekter med implantat bakom bukv„gsmuskeln framf”r bukhinnan (sublay)
IN;JAG41;;Laparoskopisk operationav andra bukv„ggsbr†ck och defekter med implantat bakom bukv„gsmuskeln framf”r bukhinnan (sublay)
OUT;JAG50;;™ppen operation av andra bukv„ggsbr†ck och defekter med med implantat p† bukhinnan intraperitonealt (IPOM)
IN;JAG50;;™ppen operation av andra bukv„ggsbr†ck och defekter med implantat p† bukhinnan intraperitonealt (IPOM)
OUT;JAG51;;Laparoskopisk operation av andra bukv„ggsbr†ck och defekter med med implantat p† bukhinnan intraperitonealt (IPOM)
IN;JAG51;;Laparoskopisk operation av andra bukv„ggsbr†ck och defekter med implantat p† bukhinnan intraperitonealt (IPOM)
OUT;JAG60;;™ppen operation av andra bukv„ggsbr†ck och defekter med implantat i br†ckporten (inlay)
IN;JAG60;;™ppen operation av andra bukv„ggsbr†ck och defekter med implantat i br†ckporten (inlay)
OUT;JAG61;;Laparoskopisk operation av andra bukv„ggsbr†ck och defekter med implantat i br†ckporten (inlay)
IN;JAG61;;Laparoskopisk operation av andra bukv„ggsbr†ck och defekter med implantat i br†ckporten (inlay)
OUT;JAG70;;™ppen operation av andra bukv„ggsbr†ck och defekter med implantat i flera lager
IN;JAG70;;™ppen operation av andra bukv„ggsbr†ck och defekter med implantat i flera lager
OUT;JAG71;;Laparoskopisk operation av andra bukv„ggsbr†ck och defektermed implantat i flera lager
IN;JAG71;;Laparoskopisk operation av andra bukv„ggsbr†ck och defekter med implantat i flera lager
OUT;JAG80;;Annan ”ppen operation av andra bukv„ggsbr†ck och defekter
IN;JAG80;;Annan ”ppen operation av andra bukv„ggsbr†ck och defekter
OUT;JAG81;;Annan laparoskopisk operation av andra bukv„ggsbr†ck och defekter
IN;JAG81;;Annan laparoskopisk operation av andra bukv„ggsbr†ck och defekter
OUT;JAG84;;Annan endoskopisk extraperitoneal operation av andra bukv„ggsbr†ck och defekter
IN;JAG84;;Annan endoskopisk extraperitoneal operation av andra bukv„ggsbr†ck och defekter
OUT;JAH30;;Anl„ggande av ”ppen buk, (laparostomi)
IN;JAH30;;Anl„ggande av ”ppen buk, (laparostomi)
OUT;JAH33;;Revision av ”ppen buk (laparostomi)
IN;JAH33;;Revision av ”ppen buk (laparostomi)
OUT;JAR10;;™ppen operation av stomibr†ck med suturplastik
IN;JAR10;;™ppen operation av stomibr†ck med suturplastik
OUT;JAR11;;Laparoskopisk operation av stomibr†ck med suturplastik
IN;JAR11;;Laparoskopisk operation av stomibr†ck med suturplastik
OUT;JAR20;;™ppen operation av stomibr†ck med implantat framf”r bukv„ggens aponeuros (onlay)
IN;JAR20;;™ppen operation av stomibr†ck med implantat framf”r bukv„ggens aponeuros (onlay)
OUT;JAR30;;™ppen operation av stomibr†ck med med implantat mellan bukv„ggens muskellager (interstitiell)
IN;JAR30;;™ppen operation av stomibr†ck med implantat mellan bukv„ggens muskellager (interstitiell)
OUT;JAR40;;™ppen operation av stomibr†ck med implantat bakom bukv„gsmuskeln framf”r bukhinnan (sublay)
IN;JAR40;;™ppen operation av stomibr†ck med implantat bakom bukv„gsmuskeln framf”r bukhinnan (sublay)
OUT;JAR41;;Laparoskopisk operation av stomibr†ck  med implantat bakom bukv„gsmuskeln framf”r bukhinnan (sublay)
IN;JAR41;;Laparoskopisk operation av stomibr†ck  med implantat bakom bukv„gsmuskeln framf”r bukhinnan (sublay)
OUT;JAR50;;™ppen operation av stomibr†ck  med med implantat p† bukhinnan intraperitonealt (IPOM)
IN;JAR50;;™ppen operation av stomibr†ck med implantat p† bukhinnan intraperitonealt (IPOM)
OUT;JAR51;;Laparoskopisk operation av stomibr†ck  med med implantat p† bukhinnan intraperitonealt (IPOM)
IN;JAR51;;Laparoskopisk operation av stomibr†ck med implantat p† bukhinnan intraperitonealt (IPOM)
OUT;JAR60;;™ppen operation av stomibr†ck  med implantat i br†ckporten (inlay)
IN;JAR60;;™ppen operation av stomibr†ck  med implantat i br†ckporten (inlay)
OUT;JAR61;;Laparoskopisk operation av stomibr†ck med implantat i br†ckporten (inlay)
IN;JAR61;;Laparoskopisk operation av stomibr†ck med implantat i br†ckporten (inlay)
OUT;JAR70;;™ppen operation av stomibr†ck med implantat i flera lager
IN;JAR70;;™ppen operation av stomibr†ck med implantat i flera lager
OUT;JAR71;;Laparoskopisk operation av stomibr†ck med implantat i flera lager
IN;JAR71;;Laparoskopisk operation av stomibr†ck med implantat i flera lager
OUT;JAR80;;Annan ”ppen operation av stomibr†ck
IN;JAR80;;Annan ”ppen operation av stomibr†ck
OUT;JAR81;;Annan laparoskopisk operation av stomibr†ck
IN;JAR81;;Annan laparoskopisk operation av stomibr†ck
OUT;JAS10;;™ppen operation av intraabdominellt br†ck med suturplastik
IN;JAS10;;™ppen operation av intraabdominellt br†ck med suturplastik
OUT;JAS11;;Laparoskopisk operation av intraabdominellt br†ck med suturplastik
IN;JAS11;;Laparoskopisk operation av intraabdominellt br†ck med suturplastik
OUT;JAS80;;Annan ”ppen operation av intraabdominellt br†ck
IN;JAS80;;Annan ”ppen operation av intraabdominellt br†ck
OUT;JAS81;;Annan laparoskopisk operation av intraabdominellt br†ck
IN;JAS81;;Annan laparoskopisk operation av intraabdominellt br†ck
OUT;JFH31;;Laparoskopisk kolectomi, „ndtarmsexcision och ileoanal anastomos utan ileostomi Med eller utan skapande av ileoanal reservoar
IN;JFH31;;Laparoskopisk kolectomi, „ndtarmsexcision och ileoanal anastomos utan ileostomi Med eller utan skapande av ileoanal reservoar
OUT;JFL11;;Laparoskopisk reponering eller manipulation av obstruerad tarm
IN;JFL11;;Laparoskopisk reponering eller manipulation av obstruerad tarm
OUT;JGB61;;Laparoskopisk excision av „ndtarmen och ileoanal anastomos efter tidigare kolektomi
IN;JGB61;;Laparoskopisk excision av „ndtarmen och ileoanal anastomos efter tidigare kolektomi
OUT;JHC60;;Transanal submuk”s eller intersfinkterisk injektion f”r behandling av inkontinens
IN;JHC60;;Transanal submuk”s eller intersfinkterisk injektion f”r behandling av inkontinens
OUT;JHD50;;Excision av analfistel med advancement flap av mukosa
IN;JHD50;;Excision av analfistel med advancement flap av mukosa
OUT;JHD60;;Ocklusion av analfistel med kollagenplugg
IN;JHD60;;Ocklusion av analfistel med kollagenplugg
OUT;JHD63;;Ocklusion av analfistel med fibrin
IN;JHD63;;Ocklusion av analfistel med fibrin
OUT;JLC11;;Laparoskopisk distal pankreatektomi
IN;JLC11;;Laparoskopisk distal pankreatektomi
OUT;NBS49;;Incision och debridering vid septisk artrit i skulderled med implantation av l„kemedel
IN;NBS49;;Incision och debridering vid septisk artrit i skulderled med implantation av l„kemedel
OUT;NBS59;;Incision och debridering vid osteit i axel eller ”verarm med implantation av l„kemedel
IN;NBS59;;Incision och debridering vid osteit i axel eller ”verarm med implantation av l„kemedel
OUT;NCS39;;Incision och debridering vid mjukdelsinfektion i underarm med implantation av l„kemedel
IN;NCS39;;Incision och debridering vid mjukdelsinfektion i underarm med implantation av l„kemedel
OUT;NCS49;;Incision och debridering vid septisk artrit i armb†gsled med implantation av l„kemedel
IN;NCS49;;Incision och debridering vid septisk artrit i armb†gsled med implantation av l„kemedel
OUT;NCS59;;Incision och debridering vid osteit i armb†ge eller underarm med implantation av l„kemedel
IN;NCS59;;Incision och debridering vid osteit i armb†ge eller underarm med implantation av l„kemedel
OUT;NDS39;;Incision och debridering vid mjukdelsinfektion i handled eller hand med implantation av l„kemedel
IN;NDS39;;Incision och debridering vid mjukdelsinfektion i handled eller hand med implantation av l„kemedel
OUT;NDS49;;Incision och debridering vid septisk artrit i handled eller hand med implantation av l„kemedel
IN;NDS49;;Incision och debridering vid septisk artrit i handled eller hand med implantation av l„kemedel
OUT;NDS59;;Incision och debridering vid osteit i hand med implantation av l„kemedel
IN;NDS59;;Incision och debridering vid osteit i hand med implantation av l„kemedel
OUT;NES49;;Incision och debridering vid septisk artrit i b„ckenled med implantation av l„kemedel
IN;NES49;;Incision och debridering vid septisk artrit i b„ckenled med implantation av l„kemedel
OUT;NES59;;Incision och debridering vid osteit i b„ckenet med implantation av l„kemedel
IN;NES59;;Incision och debridering vid osteit i b„ckenet med implantation av l„kemedel
OUT;NFQ39;;Implantation av benf”rankrat transkutant implantat i l†rbenet
IN;NFQ39;;Implantation av benf”rankrat transkutant implantat i l†rbenet
OUT;NFQ49;;Implantation p† amputationsstump, i l†rbenet
IN;NFQ49;;Implantation p† amputationsstump, i l†rbenet
OUT;NFS39;;Incision och debridering vid mjukdelsinfektion i h”ft eller l†r med implantation av l„kemedel
IN;NFS39;;Incision och debridering vid mjukdelsinfektion i h”ft eller l†r med implantation av l„kemedel
OUT;NFS49;;Incision och debridering vid septisk artrit i h”ftled med implantation av l„kemedel
IN;NFS49;;Incision och debridering vid septisk artrit i h”ftled med implantation av l„kemedel
OUT;NFS59;;Incision och debridering vid osteit i femur med implantation av l„kemedel
IN;NFS59;;Incision och debridering vid osteit i femur med implantation av l„kemedel
OUT;NGS39;;Incision och debridering vid mjukdelsinfektion i kn„ eller underben med implantation av l„kemedel
IN;NGS39;;Incision och debridering vid mjukdelsinfektion i kn„ eller underben med implantation av l„kemedel
OUT;NGS49;;Incision och debridering vid septisk artrit i kn„led med implantation av l„kemedel
IN;NGS49;;Incision och debridering vid septisk artrit i kn„led med implantation av l„kemedel
OUT;NGS59;;Incision och debridering vid osteit i kn„ eller underben med implantation av l„kemedel
IN;NGS59;;Incision och debridering vid osteit i kn„ eller underben med implantation av l„kemedel
OUT;NHS39;;Incision och debridering vid mjukdelsinfektion i fotled eller fot med implantation av l„kemedel
IN;NHS39;;Incision och debridering vid mjukdelsinfektion i fotled eller fot med implantation av l„kemedel
OUT;NHS49;;Incision och debridering vid septisk artrit i fotled eller fot med implantation av l„kemedel
IN;NHS49;;Incision och debridering vid septisk artrit i fotled eller fot med implantation av l„kemedel
OUT;NHS59;;Incision och debridering vid osteit i fot med implantation av l„kemedel
IN;NHS59;;Incision och debridering vid osteit i fot med implantation av l„kemedel
OUT;PAT30;;Injektion av l„kemedel i eller perkutan ocklusion av a subclavia
IN;PAT30;;Injektion av l„kemedel i eller perkutan ocklusion av a subclavia
OUT;PAT99;;Injektion av l„kemedel i eller perkutan ocklusion av annan art„r avg†ende fr†n aortab†gen eller dess grenar
IN;PAT99;;Injektion av l„kemedel i eller perkutan ocklusion av annan art„r avg†ende fr†n aortab†gen eller dess grenar
OUT;PBT10;;Injektion av l„kemedel i eller perkutan ocklusion av a axillaris
IN;PBT10;;Injektion av l„kemedel i eller perkutan ocklusion av a axillaris
OUT;PBT20;;Injektion av l„kemedel i eller perkutan ocklusion av a brachialis
IN;PBT20;;Injektion av l„kemedel i eller perkutan ocklusion av a brachialis
OUT;PBT99;;Injektion av l„kemedel i eller perkutan ocklusion av annan art„r i ”vre extremiteter
IN;PBT99;;Injektion av l„kemedel i eller perkutan ocklusion av annan art„r i ”vre extremiteter
OUT;PBU87;;Injektion av terapeutisk substans i a-v fistel fr†n art„r i ”vre extremitet
IN;PBU87;;Injektion av terapeutisk substans i a-v fistel fr†n art„r i ”vre extremitet
OUT;PCT20;;Injektion av l„kemedel i eller perkutan ocklusion av truncus coeliacus och dess grenar
IN;PCT20;;Injektion av l„kemedel i eller perkutan ocklusion av truncus coeliacus och dess grenar
OUT;PCT30;;Injektion av l„kemedel i eller perkutan ocklusion av a mecenterica superior
IN;PCT30;;Injektion av l„kemedel i eller perkutan ocklusion av a mecenterica superior
OUT;PCT40;;Injektion av l„kemedel i eller perkutan ocklusion av a renalis
IN;PCT40;;Injektion av l„kemedel i eller perkutan ocklusion av a renalis
OUT;PCT99;;Injektion av l„kemedel i eller perkutan ocklusion av annan visceralart„r
IN;PCT99;;Injektion av l„kemedel i eller perkutan ocklusion av annan visceralart„r
OUT;PCU87;;Injektion av l„kemedel i bypass fr†n suprarenala bukaorta eller visceralart„rer
IN;PCU87;;Injektion av l„kemedel i bypass fr†n suprarenala bukaorta eller visceralart„rer
OUT;PDT10;;Injektion av l„kemedel i eller perkutan ocklusion av infrarenala bukaorta
IN;PDT10;;Injektion av l„kemedel i eller perkutan ocklusion av infrarenala bukaorta
OUT;PHD36;;Resektion av v. spermatica
IN;PHD36;;Resektion av v. spermatica
OUT;PHV10;;Endoven”s obliteration av v. saphena magna
IN;PHV10;;Endoven”s obliteration av v. saphena magna
OUT;PHV12;;Endoven”s obliteration av v. saphena parva
IN;PHV12;;Endoven”s obliteration av v. saphena parva
OUT;PHV13;;Endoven”s obliteration av perforant p† underbenet
IN;PHV13;;Endoven”s obliteration av perforant p† underbenet
OUT;PHV14;;Endoven”s obliteration av perforant p† l†ret
IN;PHV14;;Endoven”s obliteration av perforant p† l†ret
OUT;PHV36;;Endoven”s obliteration av v. spermatica
IN;PHV36;;Endoven”s obliteration av v. spermatica
OUT;PHV99;;Endoven”s obliteration av andra vener
IN;PHV99;;Endoven”s obliteration av andra vener
OUT;PXH10;;Bypass fr†n aortab†ge till a carotis
IN;PXH10;;Bypass fr†n aortab†ge till a carotis
OUT;QAA25;;Destruktion av hudf”r„ndring i huvud-halsregion
IN;QAA25;;Destruktion av hudf”r„ndring i huvud-halsregion
OUT;QBA25;;Destruktion av hudf”r„ndring p† b†len
IN;QBA25;;Destruktion av hudf”r„ndring p† b†len
OUT;QCA25;;Destruktion av hudf”r„ndring p† ”vre extremitet
IN;QCA25;;Destruktion av hudf”r„ndring p† ”vre extremitet
OUT;QCH40;;Trepannering av fingernagel
IN;QCH40;;Trepanering av fingernagel
OUT;QDA25;;Destruktion av hudf”r„ndring p† nedre extremitet
IN;QDA25;;Destruktion av hudf”r„ndring p† nedre extremitet
OUT;QDH40;;Trepannering av t†nagel
IN;QDH40;;Trepanering av t†nagel
OUT;QXA25;;Destruktion av hudf”r„ndring, ospecificerade region
IN;QXA25;;Destruktion av hudf”r„ndring, ospecificerad region
OUT;SK461;;Facettledsblockad med kateter
IN;SK461;;Facettledsblockad med kateter
OUT;TCA15;;Retrobulb„r injektion av l„kemedel i orbita
IN;TCA15;;Retrobulb„r injektion av l„kemedel i orbita
OUT;TCA20;;Peribulb„r injektion av l„kemedel i orbita
IN;TCA20;;Peribulb„r injektion av l„kemedel i orbita
OUT;TCB20;;Injektion av l„kemedel i ”gonlock
IN;TCB20;;Injektion av l„kemedel i ”gonlock
OUT;TCE00;;Injektion av l„kemedel i ”gonmuskel
IN;TCE00;;Injektion av l„kemedel i ”gonmuskel
OUT;TCF00;;Subkonjunktival injektion av l„kemedel
IN;TCF00;;Subkonjunktival injektion av l„kemedel
OUT;TFC00;;Kateterisering av h”gerhj„rtat
IN;TFC00;;Kateterisering av h”gerhj„rtat
OUT;TKC25;;Intravesikal bl†sinstillation
IN;TKC25;;Intravesikal bl†sinstillation
OUT;TKD00;;Dilatation, sondering av uretra
IN;TKD00;;Dilatation, sondering av uretra
OUT;TKK05;;Aspirationscytologi av retroperitoneal f”r„ndring
IN;TKK05;;Aspirationscytologi av retroperitoneal f”r„ndring
OUT;TNA11;;Injektion av diagnostisk eller terapeutisk substans i led, kotpelare eller nacke
IN;TNA11;;Injektion av diagnostisk eller terapeutisk substans i led, kotpelare eller nacke
OUT;TNB11;;Injektion av diagnostisk eller terapeutisk substans i led, axel eller ”verarm (inkl skapula och klavikel och deras ledf”rbindelser)
IN;TNB11;;Injektion av diagnostisk eller terapeutisk substans i led, axel eller ”verarm (inkl skapula och klavikel och deras ledf”rbindelser)
OUT;TNC11;;Injektion av diagnostisk eller terapeutisk substans i led, armb†ge eller underarm
IN;TNC11;;Injektion av diagnostisk eller terapeutisk substans i led, armb†ge eller underarm
OUT;TND11;;Injektion av diagnostisk eller terapeutisk substans i led, handled eller hand
IN;TND11;;Injektion av diagnostisk eller terapeutisk substans i led, handled eller hand
OUT;TNE11;;Injektion av diagnostisk eller terapeutisk substans i led, b„ckenet (inkl sakrum och koccyx)
IN;TNE11;;Injektion av diagnostisk eller terapeutisk substans i led, b„ckenet (inkl sakrum och koccyx)
OUT;TNF11;;Injektion av diagnostisk eller terapeutisk substans i led, h”ftled eller l†r
IN;TNF11;;Injektion av diagnostisk eller terapeutisk substans i led, h”ftled eller l†r
OUT;TNG11;;Injektion av diagnostisk eller terapeutisk substans i led, kn„led eller underben
IN;TNG11;;Injektion av diagnostisk eller terapeutisk substans i led, kn„led eller underben
OUT;TNH11;;Injektion av diagnostisk eller terapeutisk substans i led, fotled eller fot
IN;TNH11;;Injektion av diagnostisk eller terapeutisk substans i led, fotled eller fot
OUT;TNX00;;Punktion eller n†lbiopsi av mjukdelar, ospecificerad region
IN;TNX00;;Punktion eller n†lbiopsi av mjukdelar, ospecificerad region
OUT;TNX05;;Enkel incision av mjukdelar, ospecificerad region
IN;TNX05;;Enkel incision av mjukdelar, ospecificerad region
OUT;TNX11;;Injektion av diagnostisk eller terapeutisk substans i led, ospecificerad region
IN;TNX11;;Injektion av diagnostisk eller terapeutisk substans i led, ospecificerad region
OUT;TPH00;;Venesectio
IN;TPH00;;Venesectio
OUT;TQX05;;Punktion av hud
IN;TQX05;;Punktion av hud
OUT;TQX20;;Inl„ggning av subkutant l„kemedelsimplantat
IN;TQX20;;Inl„ggning av subkutant l„kemedelsimplantat
OUT;TQX30;;Uttagning av subkutant l„kemedelsimplantat
IN;TQX30;;Uttagning av subkutant l„kemedelsimplantat
OUT;TQX50;;Justering av volym av v„vnadsexpander
IN;TQX50;;Justering av volym av v„vnadsexpander
OUT;UEN02;;Orofaryngoskopi
IN;UEN02;;Orofaryngoskopi
OUT;UEN12;;Hypofaryngoskopi
IN;UEN12;;Hypofaryngoskopi
OUT;DU029;;Gruppbehandling utifr†n manualiserad metod
IN;DU029;;Deleted 2012/12/31 - Gruppbehandling utifr†n manualiserad metod
OUT;NAA10;;Perkutan eller sluten exploration av led i rygg eller nacke
IN;NAA10;;Deleted 2012/12/31 - Perkutan eller sluten exploration av led i rygg eller nacke
OUT;NBA10;;Perkutan exploration av axelled eller ”verarm
IN;NBA10;;Deleted 2012/12/31 - Perkutan exploration av axelled eller ”verarm
OUT;NBE10;;Perkutan eller sluten transcision eller excision av ligament i axel
IN;NBE10;;Deleted 2012/12/31 - Perkutan eller sluten transcision eller excision av ligament i axel
OUT;NBE20;;Perkutan eller sluten sutur eller replantation av ligament i axel
IN;NBE20;;Deleted 2012/12/31 - Perkutan eller sluten sutur eller replantation av ligament i axel
OUT;NBE30;;Perkutan eller sluten transposition av ligament i axel
IN;NBE30;;Deleted 2012/12/31 - Perkutan eller sluten transposition av ligament i axel
OUT;NBE40;;Perkutan eller sluten rekonstruktion av ligament i axel utan fr„mmande material
IN;NBE40;;Deleted 2012/12/31 - Perkutan eller sluten rekonstruktion av ligament i axel utan fr„mmande material
OUT;NBE50;;Perkutan eller sluten rekonstruktion av ligament i axel med fr„mmande material
IN;NBE50;;Deleted 2012/12/31 - Perkutan eller sluten rekonstruktion av ligament i axel med fr„mmande material
OUT;NBF00;;Perkutan eller sluten total synovektomi i humeroskapularled
IN;NBF00;;Deleted 2012/12/31 - Perkutan eller sluten total synovektomi i humeroskapularled
OUT;NBF30;;Perkutan eller sluten partiell excision av brosk i humeroskapularled
IN;NBF30;;Deleted 2012/12/31 - Perkutan eller sluten partiell excision av brosk i humeroskapularled
OUT;NBH50;;Perkutan eller sluten excision av intraartikul„r exostos eller osteofyt i humeroskapularled
IN;NBH50;;Deleted 2012/12/31 - Perkutan eller sluten excision av intraartikul„r exostos eller osteofyt i humeroskapularled
OUT;NCA10;;Perkutan eller sluten exploration av armb†gsled eller underarm
IN;NCA10;;Deleted 2012/12/31 - Perkutan eller sluten exploration av armb†gsled eller underarm
OUT;NCE00;;Perkutan eller sluten incision i eller sutur av kapsel av armb†gsled
IN;NCE00;;Deleted 2012/12/31 - Perkutan eller sluten incision i eller sutur av kapsel av armb†gsled
OUT;NCE10;;Perkutan eller sluten transcision eller excision av ligament i armb†gsled
IN;NCE10;;Deleted 2012/12/31 - Perkutan eller sluten transcision eller excision av ligament i armb†gsled
OUT;NCE20;;Perkutan eller sluten sutur eller replantation av ligament i armb†gsled
IN;NCE20;;Deleted 2012/12/31 - Perkutan eller sluten sutur eller replantation av ligament i armb†gsled
OUT;NCE30;;Perkutan eller sluten transposition av ligament i armb†gsled
IN;NCE30;;Deleted 2012/12/31 - Perkutan eller sluten transposition av ligament i armb†gsled
OUT;NCE40;;Perkutan eller sluten rekonstruktion av ligament i armb†gsled utan fr„mmande material
IN;NCE40;;Deleted 2012/12/31 - Perkutan eller sluten rekonstruktion av ligament i armb†gsled utan fr„mmande material
OUT;NCE50;;Perkutan eller sluten rekonstruktion av ligament i armb†gsled med fr„mmande material
IN;NCE50;;Deleted 2012/12/31 - Perkutan eller sluten rekonstruktion av ligament i armb†gsled med fr„mmande material
OUT;NCE90;;Annan perkutan eller sluten operation p† ledkapsel eller ledband i armb†gsled
IN;NCE90;;Deleted 2012/12/31 - Annan perkutan eller sluten operation p† ledkapsel eller ledband i armb†gsled
OUT;NCF00;;Perkutan eller sluten total synovektomi i armb†gsled
IN;NCF00;;Deleted 2012/12/31 - Perkutan eller sluten total synovektomi i armb†gsled
OUT;NCF10;;Perkutan eller sluten partiell synovektomi i armb†gsled
IN;NCF10;;Deleted 2012/12/31 - Perkutan eller sluten partiell synovektomi i armb†gsled
OUT;NCF30;;Perkutan eller sluten partiell excision av brosk i armb†gsled
IN;NCF30;;Deleted 2012/12/31 - Perkutan eller sluten partiell excision av brosk i armb†gsled
OUT;NCH50;;Perkutan eller sluten excision av intraartikul„r exostos eller osteofyt i armb†gsled
IN;NCH50;;Deleted 2012/12/31 - Perkutan eller sluten excision av intraartikul„r exostos eller osteofyt i armb†gsled
OUT;NCH70;;Perkutan eller sluten operation f”r recidiverande luxation av armb†gsled
IN;NCH70;;Deleted 2012/12/31 - Perkutan eller sluten operation f”r recidiverande luxation av armb†gsled
OUT;NDE40;;Perkutan eller sluten rekonstruktion av ligament i handens leder utan fr„mmande material
IN;NDE40;;Deleted 2012/12/31 - Perkutan eller sluten rekonstruktion av ligament i handens leder utan fr„mmande material
OUT;NDE50;;Perkutan eller sluten rekonstruktion av ligament i handens leder med fr„mmande material
IN;NDE40;;Deleted 2012/12/31 - Perkutan eller sluten rekonstruktion av ligament i handens leder med fr„mmande material
OUT;NDF00;;Perkutan eller sluten total synovektomi i hand- eller fingerled
IN;NDF00;;Deleted 2012/12/31 - Perkutan eller sluten total synovektomi i hand- eller fingerled
OUT;NDF10;;Perkutan eller sluten partiell synovektomi i hand- eller fingerled
IN;NDF10;;Deleted 2012/12/31 - Perkutan eller sluten partiell synovektomi i hand- eller fingerled
OUT;NDF19;;Partiell synovektomi i hand- eller fingerled, ospecificerad
IN;NDF19;;Deleted 2012/12/31 - Partiell synovektomi i hand- eller fingerled, ospecificerad
OUT;NDF29;;Fixation av ledytefragment i hand- eller fingerled, ospecificerad
IN;NDF29;;Deleted 2012/12/31 - Fixation av ledytefragment i hand- eller fingerled, ospecificerad
OUT;NDF39;;Partiell excision av brosk i hand- eller fingerled, ospecificerad
IN;NDF39;;Deleted 2012/12/31 - Partiell excision av brosk i hand- eller fingerled, ospecificerad
OUT;NDF99;;Annan operation p† ledhinnor eller ledytor i hand- eller fingerled, ospecificerad
IN;NDF99;;Deleted 2012/12/31 - Annan operation p† ledhinnor eller ledytor i hand- eller fingerled, ospecificerad
OUT;NDH50;;Perkutan eller sluten excision av intraartikul„r exostos eller osteofyt i hand- eller fingerled
IN;NDH50;;Deleted 2012/12/31 - Perkutan eller sluten excision av intraartikul„r exostos eller osteofyt i hand- eller fingerled
OUT;NDH70;;Perkutan eller sluten operation f”r recidiverande luxation av hand- eller fingerled
IN;NDH70;;Deleted 2012/12/31 - Perkutan eller sluten operation f”r recidiverande luxation av hand- eller fingerled
OUT;NDH90;;Annan perkutan eller sluten operation p† handled eller hand
IN;NDH90;;Deleted 2012/12/31 - Annan perkutan eller sluten operation p† handled eller hand
OUT;NEA00;;Exploration av mjukdelar i b„ckenet, perkutan
IN;NEA00;;Deleted 2012/12/31 - Exploration av mjukdelar i b„ckenet, perkutan
OUT;NEA10;;Exploration av b„ckenled, perkutan
IN;NEA10;;Deleted 2012/12/31 - Exploration av b„ckenled, perkutan
OUT;NFE99;;Operation p† ledkapslar eller ligament i h”ftled, ospecificerad
IN;NFE99;;Deleted 2012/12/31 - Operation p† ledkapslar eller ligament i h”ftled, ospecificerad
OUT;NFF00;;Perkutan eller sluten total synovektomi i h”ftled
IN;NFF00;;Deleted 2012/12/31 - Perkutan eller sluten total synovektomi i h”ftled
OUT;NFF10;;Perkutan eller sluten partiell synovektomi i h”ftled
IN;NFF10;;Deleted 2012/12/31 - Perkutan eller sluten partiell synovektomi i h”ftled
OUT;NFF30;;Perkutan eller sluten partiell excision av ledbrosk i h”ftled
IN;NFF30;;Deleted 2012/12/31 - Perkutan eller sluten partiell excision av ledbrosk i h”ftled
OUT;NFF90;;Annan perkutan eller sluten operation p† ledhinnor eller ledytor i h”ftled
IN;NFF90;;Deleted 2012/12/31 - Annan perkutan eller sluten operation p† ledhinnor eller ledytor i h”ftled
OUT;NFH50;;Perkutan eller sluten excision av intraartikul„r exostos eller osteofyt i h”ftled
IN;NFH50;;Deleted 2012/12/31 - Perkutan eller sluten excision av intraartikul„r exostos eller osteofyt i h”ftled
OUT;NGD00;;Perkutan eller sluten total excision av menisk i kn„led
IN;NGD00;;Deleted 2012/12/31 - Perkutan eller sluten total excision av menisk i kn„led
OUT;NGE19;;Transcision eller excision av ligament i kn„led, ospecificerad
IN;NGE19;;Deleted 2012/12/31 - Transcision eller excision av ligament i kn„led, ospecificerad
OUT;NGE29;;Sutur eller replantation av ligament i kn„led, ospecificerad
IN;NGE29;;Deleted 2012/12/31 - Sutur eller replantation av ligament i kn„led, ospecificerad
OUT;NGE30;;Perkutan eller sluten transposition av ligament i kn„led
IN;NGE30;;Deleted 2012/12/31 - Perkutan eller sluten transposition av ligament i kn„led
OUT;NGE40;;Perkutan eller sluten rekonstruktion av ligament i kn„led utan fr„mmande material
IN;NGE40;;Deleted 2012/12/31 - Perkutan eller sluten rekonstruktion av ligament i kn„led utan fr„mmande material
OUT;NGE50;;Perkutan eller sluten rekonstruktion av ligament i kn„led med fr„mmande material
IN;NGE50;;Deleted 2012/12/31 - Perkutan eller sluten rekonstruktion av ligament i kn„led med fr„mmande material
OUT;NGE59;;Rekonstruktion av ligament i kn„led med fr„mmande material, ospecificerad
IN;NGE59;;Deleted 2012/12/31 - Rekonstruktion av ligament i kn„led med fr„mmande material, ospecificerad
OUT;NGF00;;Perkutan eller sluten total synovektomi i kn„led
IN;NGF00;;Deleted 2012/12/31 - Perkutan eller sluten total synovektomi i kn„led
OUT;NGF90;;Annan perkutan eller sluten operation p† ledhinnor eller ledytor i kn„led
IN;NGF90;;Deleted 2012/12/31 - Annan perkutan eller sluten operation p† ledhinnor eller ledytor i kn„led
OUT;NGH50;;Perkutan eller sluten excision av intraartikul„r exostos eller osteofyt i kn„led
IN;NGH50;;Deleted 2012/12/31 - Perkutan eller sluten excision av intraartikul„r exostos eller osteofyt i kn„led
OUT;NGH70;;Perkutan eller sluten operation f”r recidiverande luxation i kn„led
IN;NGH70;;Deleted 2012/12/31 - Perkutan eller sluten operation f”r recidiverande luxation i kn„led
OUT;NHE10;;Perkutan eller sluten transcision eller excision av ligament i fotled eller fot
IN;NHE10;;Deleted 2012/12/31 - Perkutan eller sluten transcision eller excision av ligament i fotled eller fot
OUT;NHE30;;Perkutan eller sluten transposition av ligament i fotled eller fot
IN;NHE30;;Deleted 2012/12/31 - Perkutan eller sluten transposition av ligament i fotled eller fot
OUT;NHF00;;Perkutan eller sluten total synovektomi i fotled eller fot
IN;NHF00;;Deleted 2012/12/31 - Perkutan eller sluten total synovektomi i fotled eller fot
OUT;NHF90;;Annan perkutan eller sluten operation p† ledhinnor eller ledytor i fotled eller fot
IN;NHF90;;Deleted 2012/12/31 - Annan perkutan eller sluten operation p† ledhinnor eller ledytor i fotled eller fot
OUT;NHH50;;Perkutan eller sluten excision av intraartikul„r exostos eller osteofyt i fotled eller fot
IN;NHH50;;Deleted 2012/12/31 - Perkutan eller sluten excision av intraartikul„r exostos eller osteofyt i fotled eller fot
OUT;NHH70;;Perkutan eller sluten operation f”r recidiverande luxation i fotens leder
IN;NHH70;;Deleted 2012/12/31 - Perkutan eller sluten operation f”r recidiverande luxation i fotens leder
OUT;QXA10;;Incision v hud, ospecificerad region
IN;QXA10;;Deleted 2012/12/31 - Incision v hud, ospecificerad region
