AAAA00;EEG overvåking med ekstrakranielle elektroder
AAAA05;EEG overvåking med intrakranielle elektroder
AAAA10;Corticografi
AAAA20;Peroperativ overvåking med fremkalte responser
AADE00;Cerebral ultralyd avbildning, ev. dupleks, uten kontrast
AADE02;Cerebral ultralyd avbildning, ev. dupleks, med kontrast
AAFE00;Standard elektroencefalografi (EEG)
AAFE05;Søvndeprivert EEG
AAFE10;EEG langtidsregistrering
AAFE15;EEG med sfenoidal- eller epifarynkselektroder
AAFE20;EEG med reaksjonstidsmåling
AAFE22;EEG med amylaltest
AAFE25;Kvantitativ EEG analyse
AAFE30;Cerebral funksjonsmonitorering ved EEG
AAFE60;Peroperativ målsøking ved dyp hjernestimulering
AAFE80;Visuelt fremkalt potensial (VEP)
AAFE82;Elektroretinografi (ERG)
AAFE85;Elektrisk respons audiometri
AAFE87;Transtympanal hjernestammeaudiometri
AAFE89;Sensorisk fremkalt potensial (SEP) IKA
AAFF00;Transkraniell Doppler (TCD), enkel
AAFF05;Transkraniell Doppler (TCD), fullstendig
AAFF10;TCD med intravenøs kontrast
AAFM00;Kontinuerlig måling av intracerebralt trykk
AAFX00;Polygrafisk monitorering av respiratoriske parametre (polygrafi)
AAFX05;Polysomnografi (PSG) uten respiratoriske parametre
AAFX10;Polysomnografi (PSG) med respiratoriske parametre
AAFX20;Multippel søvnlatenstest med minst åtte parametre under søvn
AAGB00;Transkraniell magnetisk stimulering (TMS)
AAGB10;Funksjonell stimulering med intrakranielle EEG elektroder
AAGT00;Innstilling av elektrisk stimulator med intracerebrale elektroder
AAGT05;Innstilling av elektrisk stimulator for dyp hjernestimulering
AAGT10;Innstilling av hydrocefalusshunt
ABEX00;Endoskopisk intraspinal undersøkelse
ABFX00;Lumbalpunksjon med infusjonstest
ABFX05;Spinal tappetest
ABFX10;Bulbocavernøs reflekstest
ABGB00;Magnetisk stimulering av nerverøtter eller pleksus
ABGC10;Innlegging av epiduralkateter
ABGC11;Innlegging av epiduralkateter med subkutan injeksjonsport
ABGC12;Innlegging av spinalkateter
ABGC13;Innlegging av spinalkateter med subkutan injeksjonsport
ABGT00;Innstilling/kontroll av elektrisk stimulator, ryggmarg
ABGT05;Kontroll/omlegging ved epidural eller intradural smertebehandling
ABGX00;Epidural blodlapp
ACFE00;Sensorisk nevrografi med nålelektrode
ACFE05;Sensorisk nevrografi med overflateelektrode
ACFE10;Motorisk nevrografi med nålelektrode
ACFE15;Motorisk nevrografi med overflateelektrode
ACFE20;Motorisk inchingundersøkelse
ACFE25;Nevrografi med repetitiv nervestimulering
ACFE30;Blinkrefleks nevrografi
ACFE39;Motorisk og sensorisk elektronevrografi IKA
ACFE99;Elektrofysiologisk registrerte reflekser IKA
ACFX05;Termotest
ACFX10;H-refleks
ACFX15;Vibrametri
ACGB59;Transkutan nervestimulering INA
ACGB69;Direkte nervestimulering INA
ACGB89;Intrakutan nervestimulering INA
ACGX90;Lokal injeksjon av nevrotoksisk substans
ACGX99;Nevrolyse IKA
ADFX00;P300 eller tilsvarende kognitive responser
ADFX05;Sympatisk hudresponstest
ADFX10;Parasympatisk R-R respons
ADFX15;Posturaltest
ADFX20;Valsalvatest
ADGB00;Stimulering av vagusnerven
ADGT00;Innstilling av elektrisk stimulator for vagusstimulering
ADPE00;Perkutan transluminal renal sympatisk denervasjon
AXAA00;Peroperativ overvåking med elektromyografi (EMG)
AXDP00;Videofrenzelundersøkelse
AXFE00;Elektromyografi (EMG), visuell vurdering
AXFE02;Elektromyografi  (EMG), kvantitativ
AXFE05;Single fibre elektromyografi  (SFEMG)
AXFE10;Makro elektromyografi (EMG)
AXFE15;Elektromyografiveiledet injeksjon
AXFE25;Elektronystagmografi med eller uten kalorisk prøve
AXFX00;Diagnostisk legemiddeltest
AXFX02;Kvalitativ test av luktesans etter standardisert skjema
AXFX09;Kvantitative sensoriske tester IKA
AXGX00;Hypnoterapi
BCFX00;Funksjonstest ved synacthenstimulering
BCFX05;Funksjonstest ved metopironstimulering
BCFX10;Funksjonstest ved insulinstimulering
BCFX15;Funksjonstest ved suppresjon med dexamethason, kortvarig
BCFX20;Funksjonstest ved suppresjon med dexamethason, langvarig
BCFX25;Funksjonstest med saltvannsbelastning
BCGC00;Binyre venekateterisering
BEFX30;Tørsteprøve med osmolaritetsmåling i serum og urin
BEFX35;Tørsteprøve med utvidet urinanalyse
BEFX40;Funksjonstest ved GnRH-stimulering
BEFX45;Funksjonstest ved GHRH-stimulering
BEFX51;Funksjonstest av veksthormonfrigjøring fra hypofysen etter stimulering
BEFX55;Funksjonstest med TRH-stimulering
BEFX60;Funksjonstest ved CRH-stimulering
BEFX65;Funksjonstest ved stimulering med kombinasjoner av aktiveringshormoner
BEFX70;Funksjonstest ved suppresjon av veksthormon med glukose
BEFX75;Funksjonstest ved suppresjon av veksthormon med oktreotid eller bromocriptin
BGFX00;Funksjonstest med glucagonstimulering av C-peptid
BGFX05;Registrering av blodsukker med subkutan sensor
BGFX10;Fasteprøve over lang tid med måling av glukose m.m.
BGFX15;Funksjonstest med peroral glukosebelastning
BXFX10;Tyreoideafunksjonstest ved pentagastrinstimulering
BXFX15;Funksjonstest ved kalsiuminfusjon
BXFX89;Spesifisert hormonprofil IKA
CCFX00;Diagnostisk irrigasjon av tåreveiene
CCFX05;Undersøkelse av tåreproduksjon
CDDP20;Fotoangiografi av øye
CDFM05;Trykkurve, øye, langtidsregistrering
CDFX10;Akselengdemåling av øyeglobus
CEFE00;Elektromyografi (EMG) av øyemuskler
CEFX00;Utredning av skjeling
CGFT00;Ultralyd biomikroskopi av hornhinne
CGFX05;Keratometri
CGFX06;Utvidet keratometri med C-scan
CGFX15;Måling av korneatykkelse (pachymetri)
CGGX00;Corneaskylling med skyllelinse
CHDP00;Fotografisk registrering av iris med intravenøst kontrastmiddel
CHFX05;Provokasjonstest ved trangvinkelglaukom
CKDP10;Fundusfotografi
CKFF00;Måling av blodstrøm i øyets bakre segment
CKFX00;Retinaundersøkelse av premature/nyfødte
CKFX16;Undersøkelse av øyenbunnsstruktur med lysbølgebasert teknikk
CXDE00;Ultralydundersøkelse av øye
CXDP00;Fotografisk opptak av øyets ytre deler
CXFX00;Perimetri
CXFX05;Kontrastsynundersøkelse
CXFX12;Utvidet fargesanstest med anomaloskop
CXFX15;Mørkesynsundersøkelse
CXFX20;Måling av akkomodasjonsbredde
CXFX25;Nevrooftalmologisk undersøkelse
CXGC00;Tilpasning av synshjelpemiddel
CXGC05;Tilpasning av øyeprotese
DBFT00;Otomikroskopi
DBGX00;Instrumentell fjerning av ørevoks
DBGX20;Avstøping av øregang
DFFE86;Elektrocochleografi
DFFX00;Promontorialtest ved utredning for cochleaimplantat
DFFX05;Stabilometri
DFFX10;Otonevrologisk utredning av svimmelhet
DFFX87;Registrering av otoakustiske emisjoner
DFGT00;Utprøving av hørselhjelpemiddel ved øresus
DFGX00;Undersøkelse og behandling i rotasjonsstol
DFGX05;Behandlingsmanøvre ved vertigo
DFGX10;Medikamentell destruksjon av labyrinten
DFGX15;"Samtaleterapi ved øresus, ""Tinnitus Retraining Therapy"""
DFGX25;Analyse av øresus med frekvensbestemmelse m.m.
DGFX00;Tubosonometri
DHFM00;Rhinomanometri
DHFX00;Nasal børsteprøve ved mistenkt primær ciliedyskinesi
DHFX05;Akustisk rhinometri
DHGX00;Fjerning av fremmedlegeme i nese
DQDP00;Høyhastighetsfilming av stemmebånd
DQDP05;Stroboskopi av stemmebånd
DQDP10;Videostroboskopi av stemmebånd
DQDP15;Kontinuerlig fleksibel laryngoskopi under belastning
DXDA00;Digital volumtomografi av ansiktsstrukturer
DXDE00;Ultralydundersøkelse av bihuler
DXDE10;Ultralydundersøkelse av strupe og hals m.m.
DXFX10;Toneaudiogram med luft- og/eller beinledning
DXFX11;Tympanometri
DXFX12;Akustisk impedansmåling, utvidet
DXFX15;Taleaudiogram
DXFX17;Rentoneaudiometri, spesialprøver
DXFX18;Taleaudiometri i fritt felt
DXFX20;Barneaudiologisk test med uformelle prøver
DXFX25;Barneaudiologisk test med observasjons- og lekeaudiometri
DXGT00;Tilpasning og utprøving av nytt høreapparat
DXGT05;Kontroll av høreapparat
DXGT10;Utskifting eller oppgradering av taleprosessor for cochleaimplantat
DXGX20;Rengjøring av radikaloperert øre
DXGX25;Rengjøring av annen operasjonskavitet (bihuler e.a.)
EBGC01;Tilpasning av bittskinne mot tanngnissing (bruxisme)
EBGC02;Tilpasning av apnéskinne
EHDA00;Videofluoroskopi av velopharynxfunksjon under tale
ELFC00;Salivvolumsmåling
EXDA00;Fluoroskopi av orofaryngeal svelging
EXDA05;Digital volumtomografi av tenner og kjeve
EXFX00;Undersøkelse av svelge-, spise- og drikkefunksjon
FAFM00;Invasiv måling av sentralt venetrykk
FBGC00;Innlegging eller bytte av kateter i lungearterie
FDGM00;Medikamentell lukning av ductus arteriosus
FDGM05;Medikamentell åpning av ductus arteriosus
FHGX00;Perkutan ablasjon av ventrikkelseptum ved etanolinjeksjon i koronarkar
FJDB01;Angiokardiografi ved høyre hjertekateterisering
FJFX01;Måling av trykk og flow i lille kretsløp ved hjertekateterisering
FNDE00;Perkutan transluminal intrakoronar ultralydundersøkelse uten Doppler
FNDE05;Perkutan transluminal intrakoronar ultralydundersøkelse med Doppler
FNFM00;Intrakoronar trykkregistrering med medikamentinjeksjon
FNOB00;Perkutan intrakoronar brakyterapi
FPFE13;Vektor-EKG
FPFE14;Senpotensial-EKG
FPFE15;Holter-EKG
FPFE17;Transøsofageal EKG
FPFE18;EKG-registrering med isoprenalinprovokasjon
FPFE19;EKG-registrering med isvannprovokasjon
FPFE23;Elektrofysiologisk undersøkelse av hjertet med rask stimulering mot arytmi
FPFE25;Ikke-invasiv elektrofysiogisk hjerteundersøkelse med transøsofageal stimulering
FPFE30;Langtids EKG med hendelsesregistrering
FPFE35;Invasiv elektrofysiologisk undersøkelse av hjertet
FPFE40;Invasiv elektrofysiologisk undersøkelse med 3-D bildebasert signalanalyse
FPFE45;Avlesning av langtids EKG-registrator med implanterte elektroder
FPFE50;Arbeids-EKG
FPFE55;Arbeids-EKG med spirometri og O2-opptak
FPGC00;Implantasjon av elektrode(r) for langtids EKG-registrering
FPGC05;Innlegging eller bytte av transvenøs pacemaker med atrie-, ventrikkel- og koronarveneelektrode (biventrikulær pacemaker)
FPGC10;Innlegging eller bytte av transvenøs defibrillator med atrie-, ventrikkel- og koronarveneelektrode
FPGT00;Kontroll, omprogrammering av en-kammer pacemaker eller defibrillator
FPGT05;Kontroll, omprogrammering av to-kammer pacemaker/defibrillator
FPGT10;Kontroll, omprogrammering av biventrikulær pacemaker/defibrillator
FPGT25;Testing av implantert defibrillator med provokasjon av ventrikkelflimmer
FPGT30;Kontroll av venstresidig kunstig hjertepumpe (LVAD)
FPGT32;Kontroll av høyresidig kunstig hjertepumpe (RVAD)
FPGX00;Rask atrie- eller ventrikkelstimulering ved implantert elektrode
FPGX05;Rask atriestimulering ved transøsofageal elektrode
FPGX10;"Invasiv elektrofysiologisk behandling av arytmi med rask atrie/ventrikkelstimulering (""overdrive pacing"")"
FPGX24;Elektrokonvertering av hjertearytmi
FYAA04;Overvåking med Swan-Ganz kateter
FYAB81;Åpen hjertekompresjon
FYDB11;Angiokardiografi ved venstre hjertekateterisering
FYDB12;Koronar angiografi ved venstre hjertekateterisering
FYDB13;Koronar angiografi med undersøkelse av koronar bypass ved venstre hjertekateterisering
FYDB14;Tilleggsundersøkelse av perifere karområder under angiografi ved venstre hjertekateterisering
FYDE06;Farmakologisk stressekkokardiografi
FYDE07;Ergometrisk stressekkokardiografi
FYDE31;Fullstendig ekkokardiografi
FYDE32;Transøsofageal ekkokardiografi
FYDE33;Enkel ekkokardiografi
FYDE40;Transtorakal ekkokardiografisk overvåkning ved perkutan hjerteintervensjon
FYDE41;Transøsofageal ekkokardiografisk overvåkning ved hjerteoperasjon eller perkutan hjerteintervensjon
FYFF00;Hjertets minuttvolum målt ved termodilusjonsmetoder
FYFX00;Vippetest
FYFX05;Fysisk belastningstest (6 min gange eller tilsvarende)
FYFX10;Ortostatisk blodtrykksmåling
GAGT00;Kontroll/innstilling av diafragmastimulator
GAGX00;Skylling av pleuraempyem
GAGX05;Pleurolyse med fibrinolytika
GBGC00;Innlegging eller bytte av trakeostomitube
GBGC05;Fiberendoskopisk trakeal intubasjon
GBGC10;Endotrakeal intubasjon
GBGM00;Bruk av surfactant ved initial gjenoppliving umiddelbart etter fødsel
GBGM05;Bruk av surfactant senere i nyfødtperioden
GBGX10;Rensuging med sensorisk stimulans av nyfødte
GCFF05;Peak expiratory flow (PEF)-måling med anstrengelsesprovokasjon
GCFF10;Peak expiratory flow (PEF), langtidsobservasjon med automatisk logging
GCGS00;Indusert sputumprøve etter inhalasjon av hyperosmolær NaCl
GCGS05;Bronkioalveolær lavage med uthenting av vevsprøve/hvite blodlegemer
GCGX00;Bronkialtoalett
GDFC00;Spirometri
GDFC05;Spirometri med inhalasjon av hurtigvirkende bronkieutvidende legemiddel
GDFC10;Spirometri med inhalasjon av langsomtvirkende bronkieutvidende legemiddel
GDFC20;Spirometri med oscillometri for måling av perifer luftveismotstand
GDFC25;Spirometri med medikamentell provokasjon
GDFC30;Spirometri med fysisk belastning
GDFC35;Måling av funksjonell residualkapasitet med SF6- eller He-inhalasjon
GDFM00;"Måling av maksimale respiratoriske trykk og ""sniff""-test"
GDFM05;Måling av transdiafragmale trykk ved voluntær ventilasjon
GDFX00;Pletysmografi
GDFX05;Pletysmografi med måling av luftveisresistens/-konduktans I
GDFX10;Pletysmografi med måling av luftveisresistens/-konduktans II
GDFX15;Måling av gassutvekslingsevne ved karbonmonoksiddiffusjon
GDFX20;Måling av nitrogenmonoksid i ekspirasjonsluft
GDFX25;Nitrogenutvasking etter O2-inhalasjon
GDFX30;Måling av lungeelastisitet
GDFX35;Single-breath okklusjonstest for måling av luftveisresistens og compliance
GDFX40;Single-breath med nitrogentest
GEGX00;Magnetisk frenikusstimulering
GFPE05;Embolisering av arteriovenøs malformasjon i lunge
GXAV01;Respiratorbehandling INA
GXAV10;Behandling med kontinuerlig positivt luftveistrykk
GXAV20;Behandling med bifasisk positivt luftveistrykk
GXAV22;Behandling med bifasisk positivt og negativt luftveistrykk
GXAV23;Høyfrekvent oscillatorventilasjon
GXAV24;Respiratorbehandling med høyfrekvensventilasjon
GXAV25;Behandling med spesielle inhalasjonsgasser
GXAV28;Manuell luftveisventilasjon
GXAV35;Oppstart av behandling med hjemmerespirator
GXDE00;Ultralydundersøkelse av pleura
GXDE02;Transøsofageal ultralydundersøkelse
GXFX00;Høydesimuleringstest
GXFX10;Langtidsregistrering av oksygenmetning
GXFX15;Transkutan oksymetri med CO2-måling i endetidevolum
GXFX20;Transkutan noninvasiv monitorering av pO2 og pCO2
GXGX00;Bukleiebehandling ved ARDS
HADE00;Ultralydundersøkelse av mamma
IAAA00;Systematisk intervju om psykisk helse og rusmiddelbruk
IAAB00;Strukturert kartlegging av psykiske symptomer ved bruk av standardiserte verktøy
IAAC00;Utvidet og strukturert kartlegging av psykiske lidelser, atferds- eller personlighetsforstyrrelser ved bruk av standardiserte verktøy
IAAD00;Strukturert kartlegging av bruk/misbruk/avhengighet av rusmidler, medikamenter og/eller spill ved bruk av standardiserte verktøy
IAAE00;Strukturert kartlegging av kriminalitet 
IAAF00;Strukturert kartlegging av voldsrisiko
IAAG00;Voldsrisikovurdering
IAAH00;Systematisk kartlegging av risikofaktorer for selvmord
IAAI00;Vurdering av selvmordsfare
IAAJ00;Strukturert kartlegging av kognitive funksjoner 
IAAK00;Fullstendig nevropsykologisk utredning utført og tolket av nevropsykolog
IABA00;Systematisk kartlegging av somatisk helsetilstand
IABB00;Psykosomatisk vurdering utført av fysioterapeut
IABC00;Strukturert kartlegging av abstinensutvikling
IACA00;Strukturert kartlegging av mindreårige barns situasjon
IACB00;Strukturert kartlegging av livskvalitet
IBAA00;Behandlingsplan
IBBA00;Psykodynamisk terapi
IBBB00;Kognitiv terapi
IBBC00;Motiverende intervju/endringsfokusert rådgivning
IBBD00;Psykoterapi med annen tilnærming
IBCA00;Oppstart av psykofarmakologisk behandling
IBCB00;Vurdering av effekt/bivirkning av psykofarmakologisk behandling
IBCC00;Omlegging av psykofarmakologisk behandling
IBCD00;Depotinjisering av langtidsvirkende psykofarmaka
IBCE00;Substitusjonsbehandling med opioider
IBCF00;Gjennomføring av tvangsmedisinering med psykofarmaka
IBDA00;Tilbakefallsforebygging (rus)
IBDA10;Tilbakefallsforebygging (psykisk)
IBDA20;Tilbakefallsforebygging (kriminalitet)
IBDA30;Tilbakefallsforebygging (spill)
IBDB00;Overdoseforebygging
IBDC00;Psykoedukativ behandling
IBDD00;Samtale med barn under 18 år om foreldres helsetilstand
IBDE00;Informasjon til og samarbeid med pårørende eller andre nærstående personer vedrørende en enkelt pasient
IBEA00;Psykosomatisk fysioterapi
IBEB00;Elektrokonvulsiv terapi (ECT) med unilateral elektrodeplassering
IBEB10;Elektrokonvulsiv terapi (ECT) med bilateral elektrodeplassering
IBEC00;Avrusning
ICAA00;Evaluering av behandlingsplan
IDAA00;Ansvarsgruppemøte 
JAGD30;Kronisk peritonealdialyse
JAGD31;Kronisk peritonealdialyse med automatisert nattlig bytte
JAGD32;Akutt peritonealdialyse
JAGD40;Peritoneal ekvilibreringstest ved dialyse
JAGD50;Oppstart av hjemmedialyse
JCFE20;Elektromyografi (EMG) i øsofagus
JCFM00;Øsofagusmanometri med provokasjonstest (ballong o.a.)
JCFM89;Øsofagusmanometri INA
JCFX10;pH-måling i øsofagus
JDFX00;Urea utventilasjonstest for diagnostikk av Helicobacter pylori
JDFX10;Måling av magetømmingshastighet for væske
JDFX11;Måling av magetømmingshastighet for fast føde
JDGX00;Ventrikkelskylling
JFDE00;Ultralydundersøkelse gjennom intestinalt stoma
JFFX20;Laktosemalabsorpsjonstest
JFFX21;Fruktosemalabsorpsjonstest
JFFX30;Triolein pusteprøve for diagnostikk av fettmalabsorpsjon
JFFX40;Hydrogengassanalyse av ekspirasjonsluft for diagnostikk av bakteriell overvekst i tarm
JFGX00;Instillasjon av oppslemmet fæces i tarm
JGDE12;Transrektal endoskopisk ultralydundersøkelse
JGGX05;Antegrad tarmskylling gjennom appendicostomi
JGGX10;Utprøving og stell/vedlikehold av inkontinenshjelpemiddel
JHDE00;Transanal ultralydundersøkelse
JHFE20;Elektromyografi (EMG) av analsfinkter
JHFM10;Anorektal manometri
JHGX00;Sakral nevromodulering ved inkontinens
JJFX00;Leverfunksjonstest med methacetinbelastning og analyse av ekspirasjonsluft
JJGD00;Leverdialyse
JJGS05;Transjugular leverbiopsi
JJPE05;Embolisering av a. hepatica
JKDB13;Perkutan transhepatisk kolangiografi
JKFM02;Endoskopisk manometri av gallegang
JLFM02;Endoskopisk manometri av pankreasgang
JMPE05;Embolisering av a. lienalis
JXDE00;Ultralydundersøkelse av bukorganer
JXDE02;Undersøkelse av bukorganer med elastografi
JXDE10;Funksjonsundersøkelse av bukorganer med ultralyd
JXFM00;Trykkmåling i gastrointestinaltraktus
KADE87;Ultralydundersøkelse av nyre
KAFF00;Flowmåling ved dialyse
KAFM00;Urodynamisk undersøkelse av nyrebekken
KAFX00;Glomerulær filtrasjonsrate ved Iohexolmåling
KAFX10;Tubulær konsentrasjonsevne
KAGD40;Hemodialyse, kronisk
KAGD46;Hemofiltrasjon
KAGD47;Hemodialyse, akutt
KAGD48;Plasmautskifting
KAPE05;Embolisering av a. renalis
KBFM00;Urodynamisk undersøkelse av ureter
KCDE41;Ekstern ultralydundersøkelse av blære
KCDE42;Transluminal ultralydundersøkelse av blære
KCFM00;Gasscystometri
KCFM03;Vanncystometri
KCGX05;Skylling av urinblære
KDDE10;Transuretral ultralydundersøkelse
KDFM03;Trykkmåling i urethra
KEDE51;Ekstern ultralydundersøkelse av prostata
KEDE52;Transluminal ultralydundersøkelse av prostata
KEFT00;Mikroskopi av sædvæske
KFDE86;Ultralydundersøkelse av scrotum
KGFE30;Elektromyografi (EMG) av corpus cavernosus
KGFF10;Blodstrømsundersøkelse i penis
KGFX25;Cavernosometri
KGFX40;Ambulatorisk ereksjonsregistrering
KGGX00;Induksjon av ereksjon
KGXJ00;Opplæring i selvinjeksjon i penis
KXFC00;Døgnmåling av urinvolum, ev. ved veiing av bleier
KXFE00;Elektromyografi (EMG) i bekkenbunnen
KXFE80;Urologisk elektromyografi (EMG)
KXFF00;Uroflowmetri
KXFM20;Ambulatorisk urodynamisk undersøkelse
KXFT00;Uretralutstryk med mikroskopi
KXFT10;Urinmikroskopi
KXFX00;Test på stressinkontinens
KXFX05;Kontinenstest med måling >12 timer av urin- og drikkevolum
KXFX06;Fysiologisk miksjonsundersøkelse
KXFX08;Miksjonsobservasjon > 4 timer
KXFX10;Induksjon av ejakulasjon
KXGX01;Vaginal eller anal stimulator for urininkontinens
LCGX10;Intracytoplasmatisk spermieinjeksjon (ICSI)
LCGX15;Nedfrysing av embryo
LCGX20;Intrauterin inseminasjon
LCPE05;Embolisering av a. uterina
LEFT20;Vaginalutstryk med mikroskopi
LXDE00;Undersøkelse av livmorhule/eggledere med væskesonografi
LXDE05;Ultralydundersøkelse med vaginal probe
MADE00;Vaginal ultralydundersøkelse av livmorhals
MADE10;Abdominal ultralydundersøkelse av gravid livmor
MAFE05;Overvåking med foster-EKG
MAFX00;Kardiotokografi
MAFX10;pH-måling i fosterskalp
MAGM00;Medikamentell svangerskapsavbrytelse
MAGM05;Fødselsinduksjon med prostaglandin peroralt
MAGM10;Fødselsinduksjon med legemiddel intravenøst
MAGM11;Ristimulering med legemiddel intravenøst
MAGM16;Fødselsinduksjon med lokalt applisert legemiddel
MBGS00;Prøvetaking av navleveneblod
NBGX46;Kjemisk synoviortese av skulderledd
NBGX47;Synoviortese av skulderledd med radioaktive isotoper
NBSY21;Tilpasning av ekstern protese på skulder
NBSY22;Tilpasning av ekstern protese på overarm
NBSY27;Tilpasning av myoelektrisk protese på overekstremitet
NBSY35;Tilpasning av patellarsenebærende protese
NCGX36;Kjemisk synoviortese av albueledd
NCGX37;Synoviortese av albueledd med radioaktive isotoper
NCSY23;Tilpasning av ekstern protese på albue
NCSY24;Tilpasning av ekstern protese på underarm
NDFT00;Mikroskopi av neglesenger med vurdering av kapillærseng
NDFX05;Elektrogoniometri - håndleddsvinkelmåling
NDGX06;Kjemisk synoviortese av fingerledd
NDGX07;Synoviortese med radioaktive isotoper, fingerledd
NDGX16;Kjemisk synoviortese av karpo-metakarpalledd
NDGX17;Synoviortese med radioaktive isotoper, karpo-metakarpalledd
NDSY25;Tilpasning av ekstern protese på håndledd
NDSY26;Tilpasning av ekstern protese på finger
NFGX56;Kjemisk synoviortese av hofteledd
NFGX57;Synoviortese av hofteledd med radioaktive isotoper
NFSY31;Tilpasning av ekstern protese etter hemipelvektomi eller eksartikulasjon i hofte
NFSY32;Tilpasning av ekstern protese på lår
NFSY36;Tilpasning av suprakondylær protese på lår
NGGX66;Kjemisk synoviortese av knedledd
NGGX67;Synoviortese av kneledd med radioaktive isotoper
NGSY33;Tilpasning av ekstern protese etter eksartikulasjon i kneledd
NGSY34;Tilpasning av ekstern protese på legg med lårkorsett
NGSY39;Tilpasning av annen ekstern protese på underekstremitet
NHGX76;Kjemisk synoviortese av ankelledd
NHGX77;Synoviortese av ankelledd med radioaktive isotoper
NHGX86;Kjemisk synoviortese av tarsalledd
NHGX87;Synoviortese av tarsalledd med radioaktive isotoper
NHGX96;Kjemisk synoviortese av tåledd
NHGX97;Synoviortese av tåledd med radioaktive isotoper
NHSY38;Tilpasning av ekstern protese på fot eller forfot
NMFM00;Måling av intramuskulært trykk uten provokasjon
NMFM05;Måling av intramuskulært trykk med provokasjon
NXDE00;Ultralydveiledet leddpunksjon
NXDE15;Ultralydundersøkelse av ledd og/eller bløtdeler
NXFM94;Innlegging av elektrode i bevegelsesapparatet for trykkregistrering eller stimulering av beinvekst
NXFT00;Mikroskopisk undersøkelse av leddvæske
NXFT05;Mikroskopisk undersøkelse av leddvæske med polarisert lys
NXFX05;Bentetthetsmåling
NXGX20;Bevegelsesanalyse med bruk av eksternt utstyr
NXGX23;Leddskylling
NXGX30;Trykkbølgebehandling
NXGX86;Kjemisk synoviortese av andre ledd
NXGX87;Synoviortese av andre ledd med radioaktive isotoper
NXSY01;Tilpasning av redresserende plastkorsett
NXSY03;Tilpasning av reklinerende plastkorsett
NXSY05;Tilpasning av kroppskorsett utenom etter operasjon
NXSY06;Tilpasning av kroppskorsett postoperativt
NXSY07;Tilpasning av tøykorsett forsterket med spiler eller plater
NXSY08;Tilpasning av sittekurv
NXSY37;Tilpasning av Symes eller Boyd protese
OAAA00;Strukturert kartlegging av utviklingstrinn og/eller evner
OAAB00;Strukturert kartlegging av mentale funksjoner, inklusiv kognitiv svikt 
OAAC00;Strukturert kartlegging av mentale (kognitive, psykosomatiske) funksjoner/dysfunksjoner 
OAAD00;Strukturert kartlegging av høyere kognitive funksjoner
OAAE00;Strukturert kartlegging av språkfunksjon, lese- og skriveevne og/eller regneevne
OAAF00;Strukturert kartlegging av syn og hørsel
OAAG00;Strukturert kartlegging av bevisshetsnivå
OAAH00;Strukturert kartlegging av smerte
OAAI00;Strukturert kartlegging av fysisk kondisjon
OAAJ00;Strukturert kartlegging av grovmotorikk 
OAAK00;Strukturert kartlegging av finmotorikk, inkludert håndfunksjon
OAAL00;Strukturert kartlegging av kosthold og ernæringstilstand
OAAM00;Strukturert kartlegging av munnmotorikk og svelgfunksjon
OAAN00;Strukturert kartlegging av tannhelse
OAAP00;Strukturert kartlegging av sensibilitet
OAAQ00;Strukturert kartlegging av bevegelse
OAAR00;Strukturert kartlegging av prosesseringsvansker
OAAS00;Strukturert klinisk legeundersøkelse ved medfødt eller tidlig ervervet kronisk lidelse
OAAT00;Strukturert intervju inkludert utviklingsanamnese ved medfødt eller tidlig ervervet kronisk lidelse
OAAU00;Strukturert kartlegging med tanke på gjennomgripende utviklingsforstyrrelse
OAAV00;Strukturert kartlegging av bløtdelsrelaterte skader
OABA00;Strukturert kartlegging av kommunikasjon
OABB00;Strukturert kartlegging av Personlige ADL funksjoner (egenomsorg)
OABC00;Strukturert kartlegging av Instrumentelle ADL funksjoner
OABD00;Strukturert kartlegging av evne til mobilitet
OABE00;Strukturert kartlegging av deltagelse i samfunnsliv, fritids- og sosiale aktiviteter
OABF00;Strukturert kartlegging av mellommenneskelig samhandling og sosialt funksjonsnivå
OABG00;Strukturert kartlegging av problematferd
OABH00;Strukturert kartlegging av adaptive funksjoner
OABI00;Strukturert kartlegging av funksjonsevne relatert til arbeidsrettet aktivitet/arbeidsdeltakelse (arbeidsevne)
OABJ00;Vurdering av oppfyllelse av kravene til å inneha førerkort 
OABK00;Rettsikkerhet i forhold til bruk av tvang overfor enkelte personer med psykisk utviklingshemming 
OABL00;Strukturert kartlegging av behov for hjelpemidler 
OABM00;Strukturert kartlegging av pårørendes stress- og belastningssituasjon
OABN00;Strukturert kartlegging av kunnskap om kropp, identitet og seksualitet
OACA00;Strukturert kartlegging av arbeidsmiljø
OACB00;Strukturert kartlegging av bomiljø og andre miljøfaktorer
OACC00;Strukturert kartlegging av sosialt nettverk
OADA00;Strukturert kartlegging av brukers mestringsevne
OADB00;Kartlegging av pasient/brukers mål
OAEA00;Utarbeide re-/habiliteringsplan
OBAA00;Mestringsorientert samtale
OBAB00;Veiledet og instruert fysisk trening
OBAC00;Elektroterapi og termoterapi
OBAD00;Bløtdelsbehandling og andre manuelle teknikker
OBAE00;Manipulasjonsbehandling
OBAF00;Lungeterapi
OBAG00;Trening av kognitive funksjoner
OBAH00;Trening av munnmotorikk og svelgfunksjon 
OBAI00;Trening av språk, stemme og talefunksjoner
OBAJ00;Trening av syn 
OBAK00;Trening av hørsel
OBAL00;Tilpasning av ortoser
OBBA00;Trening av kommunikasjonsevne og -ferdighet
OBBB00;Trening i personlig ADL (egenomsorg)
OBBC00;Trening i instrumentell ADL 
OBBD00;Veiledet og instruert trening gjennom fysiske, fritids- og friluftsaktiviteter
OBBE00;Veiledet og instruert fysisk trening ved hjelp av spesifikke metoder og/eller utstyr 
OBBF00;Trening innenfor aktuelle livsområder
OBBG00;Tverrfaglig trening og sansestimulering
OBBH00;Sosial ferdighetstrening
OBBI00;Instruert trening i å kunne forflytte seg, ev. med hjelpemidler
OBBJ00;Aktiviteter relatert til å beholde eller skaffe arbeid/arbeidsforberedende trening
OBBK00;Egenmestringsaktiviteter
OBBL00;Tilbakemelding til pasient/pårørende om resultat av utredning/kartlegging
OBBM00;Individuell utforming av kostopplegg
OBBN00;Opplæring/egenmestring 
OBBO00;Individuell rådgivning
OBCA00;Individuell rådgivning vedrørende aktiviteter og deltakelse
OBDA00;Veiledning vedrørende kroppsfunksjoner herunder seksualitet
OBDB00;Individuell rådgivning i forebyggende hensikt
OCAA00;Re-/habiliteringsplan
OCAB00;Arbeidsdeltakelse
ODAA00;Strukturert kartlegging av behov for kommunale tjenester
ODBA00;Igangsetting/bidrag til utarbeiding av individuell plan
ODBB00;Oppnevning av koordinator i spesialisthelsetjenesten
ODBC00;Tverrfaglig samarbeidsmøte pasient/pårørende og kommunen
ODBD00;Veiledning til foresatte, pårørende og/eller lokalt hjelpeapparat 
ODBE00;Tilrettelegging av kommunale tjenester
ODBF00;Utprøving, tilpasning, opplæring og trening i bruk av tekniske hjelpemidler
ODBG00;Informasjon og rådgivning overfor og/eller samarbeid med annen instans 
ODBH00;Arbeid tilknyttet Helse- og omsorgstjenesteloven kap. 9 
ODBI00;Tverrfaglig koordinering av tiltak vedrørende én enkelt pasient. 
PHDE00;Ultralydundersøkelse av perifere vener
PHFC00;Venøs okklusjonspletysmografi
PHFC05;Fotvolumetri
PHFM00;Invasiv måling av trykk i perifer vene
PHGX00;Innlegging eller bytte av tunnelert dialysekateter
PHGX05;Innlegging eller bytte av ikke-tunnelert dialysekateter
PHGX10;Venetømmingsbestemmelse
PHGX20;Perkutan innlegging av vena cavafilter
PHGX21;Fjerning av vena cavafilter
PJGX10;Punksjon av lymfocele
PKFF00;Laser-Doppler flowmetri i kapillærer
PKFF05;Laser-Doppler flowmetri med provokasjon i kapillærer
PKFM00;Måling av kolloidosmotisk trykk
PKFT00;Mikrovaskulær undersøkelse med kapillærmikroskopi
PKFX00;Måling av kapillær filtrasjonskoeffisient
PUGC00;Innlegging eller bytte av navlevenekateter
PUGC05;Innlegging eller bytte av navlearteriekateter
PXAA00;Innlegging av arteriekanyle
PXAB00;Invasiv hypotermibehandling
PXAB01;Ekstern hypotermibehandling
PYDB91;Peroperativ angiografi ved perifer karkirurgi
PYDB92;Peroperativ angioskopi ved perifer karkirurgi
PYDE00;Enkel ultralydundersøkelse av halskar
PYDE05;Fullstendig ultralydundersøkelse av halskar
PYDE09;Ultralyd undersøkelse av perifere arterier IKA
PYFF93;Peroperativ flowmåling ved perifer karkirurgi
PYFM10;Måling av ankel-arm blodtrykksindeks under kontrollert, tyngre arbeidsbelastning
PYFM20;Måling av blodtrykk i tå/finger
PYFM25;Langtids noninvasiv blodtrykksmåling
PYFM30;Invasiv arteriell blodtrykksmåling
PYFM94;Peroperativ trykkmåling ved perifer karkirurgi
PYFX00;Måling av pulsbølgehastighet og lignende
PYFX10;Registrering av arterielle pulsvolumkurver med pletysmografi I
PYFX15;Registrering av arterielle pulsvolumkurver med pletysmografi II
PYGC00;Innlegging av sentralt venekateter
PYGC05;Innlegging av tunnelert sentralt venekateter
PYGC10;Perkutan plugging av punksjonshull i arterie med resorberbart materiale
QDGX10;Stell av diabetisk fotsår
QXDE00;Ultralydundersøkelse av hud og underhud
QXFT00;Soppdiagnostikk ved mikroskopi
QXFT05;Skabbdiagnostikk ved mikroskopi
QXFT10;Mørkefeltmikroskopi
QXFX00;Undersøkelse med Woods lys
QXFX05;Lystest
QXFX10;Fotopatchtest ved mistenkt fotoallergi
QXFX15;Svettetest I
QXFX20;Svettetest II
QXGM00;Iontoforese ved hyperhidrose
QXGX00;Grensestrålebehandling
QXGX10;Lysbehandling
QXGX20;Lysbehandling av nyfødte
QXGX25;Systemisk psoralen-ultrafiolett-behandling
QXGX30;Lokal psoralen-ultrafiolett-behandling
QXGX41;Sårbehandling med autologt blodplatekonsentrat
QXGX50;Dermojetbehandling
QXGX70;Tatovering på medisinsk indikasjon
RAFT00;Mikroskopi av beinmargsutstryk
RAGD00;Cytaferese av stamceller
RAGG15;Transfusjon av allogene stamceller fra perifert blod, beslektet giver
RAGG20;Transfusjon av allogene stamceller fra perifert blod, ubeslektet giver
RAGG25;Transfusjon av autologe stamceller fra beinmarg
RAGG30;Transfusjon av autologe stamceller fra perifert blod
RAGG35;Transfusjon av stamceller fra navlestrengsblod, beslektet giver
RAGG40;Transfusjon av stamceller fra navlestrengsblod, ubeslektet giver
RAGG50;Beinmargstransplantasjon, ubeslektet giver
RAGG55;Beinmargstransplantasjon, beslektet giver
RAGX00;Mobilisering for allogen stamcellehøsting
RAGX05;Mobilisering for autolog stamcellehøsting
REGD00;Erytrocyttaferese
REGD05;Erytrocyttreduserende cytaferese
REGG00;Transfusjon av allogene erytrocytter
REGG05;Transfusjon av autologe erytrocytter
REGG10;Intrauterin transfusjon av erytrocytter
RKGM00;Infusjon av koagulasjonsfaktorkonsentrat
RKGM05;Infusjon av rekombinante koagulasjonsfaktorpreparater
RLGD00;Leukaferese
RLGD05;Leukocyttreduserende cytaferese
RLGG00;Transfusjon av granulocytter
RLGG05;Transfusjon av lymfocytter
RLGG10;Infusjon av donators lymfocytter (DLI) til beinmargstransplantert pasient
RPGD00;Plasmaferese med dobbelfiltrasjon
RPGD05;Plasmaferese med immunadsorpsjon
RPGD10;Plasmaferese med LDL-adsorpsjon
RPGD15;Plasmaferese med stamcellehøsting
RPGG00;Transfusjon av plasma, autolog
RPGG05;Transfusjon av plasma, allogen
RPGM00;Infusjon av albumin
RPGM05;Infusjon av gammaglobulin
RPGX00;Plasmatapping
RTGD00;Trombocyttaferese
RTGD05;Trombocyttreduserende cytaferese
RTGG00;Allogen transfusjon av trombocytter
RTGG05;Autolog transfusjon av trombocytter
RTGG10;Intrauterin transfusjon av trombocytter
RXFC00;Plasmavolumbasert beregning av blodvolum
RXFC05;Erytrocyttvolumbasert beregning av blodvolum
RXFT00;Mikroskopi av blodutstryk
RXGD00;Cytaferese, ekstrakorporal fotokjemoterapi
RXGD05;Hemodiafiltrasjon
RXGD10;Hemodilusjon preoperativt
RXGD15;Hemoperfusjon
RXGG02;Transfusjon med fullblod, allogen
RXGG03;Transfusjon med fullblod, autolog
RXGG05;Intrauterin blodtransfusjon til foster
RXGG10;Transfusjon av sårblod fra dren
RXGG15;Transfusjon av erytrocytter fra peroperativt gjenvunnet sårblod
RXGG61;Utskiftningstransfusjon hos nyfødt
RXGX00;Fullblodstapping av blodgiver
RXGX05;Terapeutisk fullblodstapping
RXGX65;Bestråling av blodprodukter
WAGX09;Vaksinasjoner INA
WBGC00;Innlegging eller bytte av implantert legemiddelpumpe
WBGC05;Fjerning av implantert legemiddelpumpe
WBGC11;Påfylling av implantert legemiddelpumpe
WBGC12;Dosejustering av implantert legemiddelpumpe
WBGM00;Intravenøs injeksjon/infusjon av legemiddel
WBGM02;Intravenøs injeksjon/infusjon av radioaktiv substans
WBGM05;Intramuskulær injeksjon av legemiddel
WBGM10;Subkutan injeksjon av legemiddel
WBGM15;Peroral administrasjon av legemiddel
WBGM20;Inhalasjon av legemiddel
WBGM25;Nasal administrasjon av legemiddel
WBGM30;Intratekal injeksjon/infusjon av legemiddel
WBGM31;Epidural injeksjon/infusjon av legemiddel
WBGM35;Intravesikal administrasjon av legemiddel
WBGM37;Intrapleural administrasjon av legemiddel
WBGM40;Intraperitoneal administrasjon av legemiddel
WBGM45;Administrasjon av legemiddel ved lokal applikasjon
WBGM50;Iontoforetisk tilførsel av legemiddel
WBGM55;Intravaginal administrasjon av legemiddel
WBGM60;Subkutan implantasjon av legemiddel i fast form
WBGM65;Intrarektal administrasjon av legemiddel
WBGM70;Injeksjon av legemiddel i muskelfeste/fascie/senefeste/sene/fascie/bursa
WBGM75;Intraossøs injeksjon/infusjon av legemiddel
WBOC05;Intravenøs injeksjon/infusjon av cytostatika
WBOC08;Intravenøs injeksjon/infusjon av adjuvans til cytostatikabehandling
WBOC10;Intramuskulær injeksjon/infusjon av cytostatika
WBOC15;Subkutan injeksjon/infusjon av cytostatika
WBOC20;Peroral cytostatikabehandling
WBOC25;Intratekal injeksjon/infusjon av cytostatika
WBOC30;Intravesikal administrasjon av cytostatika
WBOC32;Intraperitoneal administrasjon av cytostatika
WBOC34;Intrapleural administrasjon av cytostatika
WBOC39;Cytostatikabehandling INA
WDAA10;Monitorering av anestesidybde
WDAB00;Hjertemassasje umiddelbart etter fødsel
WDAB05;Hjertemassasje senere under nyfødtperiode
WDAB09;Opplivingstiltak på nyfødte IKA
WDAB45;Behandling med antisjokkbukse - MAST eller tilsvarende
WDAB50;Intensivovervåking under transport
WDAB80;Lukket hjertekompresjon
WDAG09;Generell anestesi INA
WDAG20;Generell anestesi med inhalasjonsmidler
WDAG25;Generell anestesi med intravenøse midler
WDAG30;Generell anestesi med inhalasjonsmidler og intravenøse midler
WDAJ11;Våken sedering
WDAJ15;Dyp sedering
WDAL05;Infiltrasjon for lokalanestesi
WDAL06;Ledningsanestesi IKA
WDAL08;Intravenøs regionalanestesi
WDAL09;Overflateanestesi IKA
WDAL15;Akupunktur
WDAL30;Spinalanestesi INA
WDAL31;Spinalanestesi uten kateter
WDAL32;Spinalanestesi med ikke-tunnelert kateter
WDAL33;Spinalanestesi med tunnelert kateter
WDAL34;Epiduralanestesi INA
WDAL35;Epiduralanestesi uten kateter
WDAL36;Epiduralanestesi med ikke-tunnelert kateter
WDAL37;Epiduralanestesi med tunnelert kateter
WDAL38;Kombinert spinal/epiduralanestesi
WDAP05;Triggerpunktsblokade
WDAP09;Regional blokade IKA
WDAP10;Subakromial blokade
WDAP12;Supraklavikulærblokade
WDAP13;Infraklavikulær pleksusblokade
WDAP15;Interskalenær pleksusblokade
WDAP17;Aksillær pleksusblokade
WDAP25;Interpleuralblokade
WDAP27;Interkostalblokade
WDAP29;Annen sentral blokade
WDAP30;Splanknikusblokade
WDAP32;Hypogastricusblokade
WDAP35;Stellatumblokade
WDAP37;Coeliacusblokade
WDAP40;Regional i.v. sympatikusblokade
WDAP42;Sympatikusblokade, paravertebral
WDAP43;Sympatikusblokade, lumbal
WDAP44;Sympatikusblokade, torakal
WDAP46;Sympatikusblokade med iontoforese
WDAP49;Sympatikusblokade INA
WDAP55;Diskusblokade
WDAP57;Fasettleddsblokade
WDAP62;Sakralblokade
WDAP65;Sakroiliakablokade
WDAP67;Inguinalblokade
WDAP70;Pudendusblokade
WDAP72;Penisblokade
WDAP75;Ischiadicusblokade
WDAP77;Femoralisblokade
WDAP79;Muskelblokade INA
WDAP80;Ankelblokade
WDAP89;Perifer nerveblokade INA
WDFX05;Diagnostisk rotblokade
WDFX10;Adenosintest mhp smertepåvirkning
WDFX15;Opioidtest mhp nociceptiv smerte
WDFX20;Xylocaintest mhp nevrogen smerte
WDFX25;Regitintest på sympatikusmediert smerte
WDFX30;Ketamintest mhp respons på N-methyl-D-aspartat-blokker
WDGX30;Overflateoppvarming ved hypotermi
WDGX35;Ekstrakorporal oppvarming
WDGX40;Peritoneal oppvarming
WDGX50;Kuvøsebehandling
WEGT00;Kontroll av strålefelt, statisk
WEGT05;Kontroll av strålefelt, dynamisk
WEGT10;Kontroll av pasientens anatomi før behandling, statisk
WEGT15;Kontroll av kilde/applikatorposisjon ved brakyterapi
WEGT20;Dosimetrisk kontroll av pasientdoser
WEGX07;Simulering av strålefelt før behandling på simulator eller behandlingsapparat uten CT doseplan
WEGX11;CT-basert doseplan uten simulator med automatisk generert målvolum eller uten inntegning av målvolum, ett målvolum
WEGX12;CT-basert doseplan uten simulator med automatisk generert målvolum eller uten inntegning av målvolum, to målvolum
WEGX13;CT-basert doseplan uten simulator med automatisk generert målvolum eller uten inntegning av målvolum, minst tre målvolum
WEGX21;CT-basert doseplan med ett målvolum basert på manuell inntegning
WEGX22;CT-basert doseplan med to målvolum basert på manuell inntegning 
WEGX23;CT-basert doseplan med minst tre målvolum basert på manuell inntegning 
WEGX31;Doseplan for IMRT/VMAT med ett målvolum basert på manuell inntegning
WEGX32;Doseplan for IMRT/VMAT med to målvolum basert på manuell inntegning
WEGX33;Doseplan for IMRT/VMAT med minst tre målvolum basert på manuell inntegning
WEGX34;4D-Doseplan med/uten IMRT/VMAT
WEGX40;Doseplan for spesialopplegg IKA
WEGX45;Doseplanlegging for brakyterapi
WEGX50;Implantasjon av markør for lokalisasjon av strålefelt
WEOA00;Ekstern stråleterapi, høyenergetisk (MV)
WEOA05;Ekstern stråleterapi, lavenergetisk (kV)
WEOA10;Ekstern stråleterapi, helkropp
WEOA15;Ekstern stråleterapi med spesialapparat
WEOB00;Brakyterapi, applikatorinnsetting
WEOB05;Brakyterapi med høy doserate (HDR)
WEOB10;Brakyterapi med pulset doserate (PDR)
WEOB15;Brakyterapi med lav doserate (LDR)
WEOB20;Brakyterapi, intravaskulær (IVBT)
WEOC00;Protonterapi
WEOC10 ;Karbonterapi
WGFX00;Prikktest luftpanel
WGFX05;Prikktest matpanel
WGFX10;Prikktest - eget testmateriale fra hjemmemiljø eller arbeidsplass
WGFX15;Epikutantest med standardiserte prøver
WGFX20;Epikutantest - eget materiale fra hjemmemiljø eller arbeidsplass
WGFX25;Allergenprovokasjon - peroral åpen (kjent innhold)
WGFX30;Allergenprovokasjon - peroral dobbelblind (ukjent innhold for pasient og lege)
WGFX35;Allergenprovokasjon, nasal
WGFX40;Provokasjonstest med næringsmiddel
WGFX45;Provokasjonstest med legemiddel
WGGM00;Hyposensibilisering
WGGM05;Hurtighyposensibilisering
WJAT00;Parenteral ernæring med eller uten tilsetningsstoffer
WJAT10;Total enteral ernæring med eller uten tilsetningsstoffer, i sonde
WJAT15;Ernæringsbehandling med spesialkost/individuelt tilpasset kost
WJAT20;Morsmelkernæring av premature
WJFX10;Indirekte kalorimetri
WJFX20;Måling av hydreringsgrad ved bioimpedansspektroskopi
WJFX99;Vurdering av ernæringsstatus IKA
WLFX05;Tuberkulintest
WLGP00;Oppstart av kronisk oksygenbehandling i hjemmet
WLGP20;Hyperbar oksygenbehandling - tabell 5
WLGP22;Hyperbar oksygenbehandling - tabell 6
WLGP24;Hyperbar oksygenbehandling - tabell 14/90
WLGP26;Hyperbar oksygenbehandling - tabell 20/60
WLGP28;Hyperbar oksygenbehandling - tabell 20/90
WLGP29;Hyperbar oksygenbehandling INA
WLGX10;Ødembehandling med kompresjonspumpe/pumpestøvel
WLGX20;Vakuumassistert sårbehandling
WLGX25;Sårbehandling med fluelarver
WLGX27;Sårbehandling med transplanterte hudceller i vekstmedium
WLGX30;Badebehandling - helkropp
WLGX35;Badebehandling - lokal
WLGX40;Behandling med bio-feedback
WLGX50;Isolasjon
WMAA00;Samtidig tverrfaglig utredning
WMAB00;Sekvensiell tverrfaglig utredning
WPCK00;Lærings- og mestringsaktivitet vedrørende aktuelle tilstand
ZWAA00;Utført av lege
ZWAA01;Utført av psykiater
ZWAA02;Utført av lege med utdanning i pediatri
ZWAA03;Utført av lege med utdanning i fysikalsk medisin og rehabilitering
ZWAA04;Utført av nevrolog
ZWAA05;Utført av psykolog
ZWAA06;Utført av psykologspesialist
ZWAA07;Utført av nevropsykolog
ZWAA08;Utført av sosionom
ZWAA09;Utført av vernepleier
ZWAA10;Utført av sykepleier
ZWAA11;Utført av ergoterapeut
ZWAA12;Utført av fysioterapeut
ZWAA13;Utført av klinisk ernæringsfysiolog
ZWAA14;Utført av pedagog
ZWAA15;Utført av barnevernspedagog
ZWAA16;Utført av idrettspedagog
ZWAA17;Utført av synspedagog
ZWAA18;Utført av audiopedagog
ZWAA19;Utført av logoped
ZWAA20;Utført av arbeidskonsulent
ZWAA21;Utført av bruker-/erfaringskonsulent
ZWAA98;Utført av annet helsepersonell
ZWNM00;Daglig gjennomføring av prosedyre
ZWNM01;Gjennomføring av prosedyre to ganger i uken
ZWNM02;Ukentlig gjennomføring av prosedyre
ZWNM03;Gjennomføring av prosedyre hver 14. dag
ZWNM04;Månedlig gjennomføring av prosedyre
ZWNM09;Slutt på regelmessig gjennomføring av prosedyre
ZWNN00;To - fire like behandlinger/undersøkelser i samme seanse
ZWNN05;Fem eller flere like behandlinger/undersøkelser i samme seanse
ZWUU15;Undersøkelse på ufødt barn
ZWUU30;Bruk av videoopptak og gransking av opptak
ZWUU35;Bruk av datautstyr og dataassistert analyse
ZWUU40;Bruk av telemedisin
ZWWA10;Prosedyre rettet mot par
ZWWA20;Prosedyre rettet mot familie (foreldre og barn)
ZWWA25;Prosedyre rettet mot flerfamiliegruppe
ZWWA30;Prosedyre rettet mot en gruppe av pasienter
ZWWA40;Prosedyre rettet mot foreldre/pårørende
ZWWB00;Bruk av ansiktsmaske ved sedering og generell anestesi
ZWWB01;Bruk av larynxmaske ved sedering og generell anestesi
